구분,화장실명,소재지도로명주소,남녀공용화장실여부,남성용-대변기수,남성용-소변기수,남성용-장애인용대변기수,남성용-장애인용소변기수,남성용-어린이용대변기수,남성용-어린이용소변기수,여성용-대변기수,여성용-장애인용대변기수,여성용-어린이용대변기수,관리기관명,연락처,개방시간,설치년도,소재지지번주소,LON,LAT,데이터기준일자
개방화장실,골든빌오피스텔,경기도 안산시 단원구 광덕대로 206 (고잔동),N,5,8,1,1,0,0,5,1,0,㈜골든빌,,24시간,1994-00-00,,126.8312116,37.3147008,2016-05-31
개방화장실,부원프라자,경기도 안산시 단원구 광덕4로 180 (고잔동),N,18,24,6,6,0,0,18,6,0,㈜동방엘엔씨,,24시간,2003-00-00,,126.8326286,37.314638,2016-05-31
개방화장실,종현어촌체험마을,경기도 안산시 단원구 구봉길 240  (대부북동),N,4,8,1,1,0,0,8,1,0,안산시장(해양수산과장),,24시간,2006-09-14,,126.5476428,37.280478,2016-05-31
개방화장실,대부도 배모양 공중화장실,경기도 안산시 단원구 대부황금로 1432 (대부북동),N,2,3,2,2,0,0,6,1,0,안산시장(환경정책과장),,24시간,2005-08-10,,126.5700667,37.2839566,2016-05-31
공중화장실,동양센트럴시티,경기도 안산시 상록구 광덕1로 346  (이동),N,4,6,1,1,0,0,4,1,0,개인,,24시간,2005-00-00,,126.8483349,37.3064417,2016-05-31
공중화장실,기아자동차,경기도 안산시 단원구 중앙대로 929  (고잔동),N,19,19,4,4,0,0,23,6,0,㈜씨큐어넷,,24시간,1989-07-04,,126.8399246,37.3170917,2016-05-31
공중화장실,남양빌딩,경기도 안산시 단원구 중앙대로 927  (고잔동),N,14,21,0,0,0,0,21,0,0,㈜남양건설,,24시간,1989-11-25,,126.8395635,37.3171272,2016-05-31
공중화장실,동서코아,경기도 안산시 단원구 중앙대로 921  (고잔동),N,8,12,0,0,0,0,8,0,0,㈜동서유통,,24시간,1991-05-17,,126.8389948,37.3171589,2016-05-31
공중화장실,월드코아,경기도 안산시 단원구 중앙대로 915  (고잔동),N,17,25,0,0,0,0,18,0,0,㈜월드비전,,24시간,1992-11-25,,126.8382683,37.3171831,2016-05-31
공중화장실,한국자동차산업인력개발원,경기도 안산시 단원구 중앙대로 929  (고잔동),N,3,3,1,1,0,0,4,1,0,㈜씨큐어넷,,24시간,1989-07-04,,126.8399246,37.3170917,2016-05-31
공중화장실,22근린공원,경기도 안산시 단원구 초지로 188 (초지동),N,2,2,1,1,0,0,3,0,0,안산시장(시민공원과장),,24시간,1996-00-00,,126.8157092,37.3155859,2016-05-31
공중화장실,안산 문화예술의전당,경기도 안산시 단원구 적금로1길 11 (고잔동),N,55,59,5,5,0,0,60,5,0,문화예술의전당관장,,24시간,2004-10-03,,126.8273317,37.3182922,2016-05-31
공중화장실,웅신아트프라자,경기도 안산시 단원구 광덕대로 161  (고잔동),N,25,20,0,0,0,0,10,0,0,㈜석우종합건설,,24시간,2002-00-00,,126.8291127,37.3109964,2016-05-31
공중화장실,일번지빌딩,경기도 안산시 단원구 광덕대로 146  (고잔동),N,30,15,0,0,0,0,15,0,0,㈜신성개발,,24시간,2000-00-00,,126.8306774,37.3094308,2016-05-31
공중화장실,제4주구(능안운동장),경기도 안산시 단원구 능안로 39-26 (목내동),N,4,10,1,1,0,0,10,1,0,안산도시공사장,,24시간,2000-00-00,,126.7748989,37.3198583,2016-05-31
공중화장실,안산주유소(삼원기업),경기도 안산시 단원구 목내로 45 (목내동),N,2,2,0,0,0,0,1,0,0,삼원기업,,24시간,1987-00-00,,126.7725185,37.3041109,2016-05-31
공중화장실,경희재활요양병원,경기도 안산시 단원구 광덕대로 162 (고잔동),N,2,6,0,0,0,0,4,0,0,행정실장,,24시간,2003-12-00,,126.8307916,37.310815,2016-05-31
공중화장실,대우프라자,경기도 안산시 단원구 광덕동로 39 (고잔동),N,18,18,0,0,0,0,18,0,0,상가번영회,,24시간,2002-00-00,,126.8320795,37.3079227,2016-05-31
공중화장실,"로데오타운A동,B동",경기도 안산시 단원구 광덕대로 154  (고잔동),N,16,18,0,0,0,0,18,0,0,상가번영회,,24시간,2003-00-00,,126.8307344,37.3101697,2016-05-31
공중화장실,신세기빌딩,경기도 안산시 단원구 고잔2길 59  (고잔동),N,17,27,0,0,0,0,13,0,0,㈜세기건설,,24시간,1991-03-02,,126.837721,37.3177446,2016-05-31
공중화장실,창진타운,경기도 안산시 단원구 광덕대로 162  (고잔동),N,4,6,0,0,0,0,4,0,0,관리사무실,,24시간,2003-12-00,,126.8307916,37.310815,2016-05-31
공중화장실,크리스탈에이스프라자,경기도 안산시 단원구 광덕대로 142  (고잔동),N,10,10,0,0,0,0,10,0,0,관리사무실,,24시간,2002-07-23,,126.8306332,37.3090271,2016-05-31
공중화장실,8단지내상가,경기도 안산시 단원구 당곡3로 20  (고잔동),N,4,5,0,0,0,0,6,0,0,상가번영회,,24시간,1988-02-26,,126.839752,37.3260909,2016-05-31
공중화장실,고려대학교병원,경기도 안산시 단원구 적금로 123 (고잔동),N,31,37,5,5,0,0,31,2,0,병원장,,24시간,1984-00-00,,126.8250018,37.3188582,2016-05-31
공중화장실,해양빌딩,경기도 안산시 단원구 중앙대로 937  (고잔동),N,19,20,2,2,0,0,19,1,0,㈜해양건설,,24시간,1992-04-06,,126.8409671,37.3170246,2016-05-31
공중화장실,휴웰병원,경기도 안산시 단원구 고잔로 134 (고잔동),N,20,24,5,5,0,0,30,5,0,㈜한국산재의료원,,24시간,2002-00-00,,126.8409774,37.3185816,2016-05-31
공중화장실,SK안산공원주유소,경기도 안산시 단원구 광덕1로 268 (고잔동),N,1,2,1,1,0,0,1,1,0,SK네트웍스,,24시간,2001-00-00,,126.839883,37.3069243,2016-05-31
공중화장실,외국인주민센터,경기도 안산시 단원구 부부로 43 (원곡동),N,7,7,3,3,0,0,14,3,0,안산시외국인주민센터소장,,24시간,2007-12-00,,126.7903427,37.3324363,2016-05-31
공중화장실,단원보건소,경기도 안산시 단원구 화랑로 387 (고잔동),N,6,10,4,4,0,0,11,2,1,단원보건소장(보건행정과장),,24시간,2001-11-20,,126.8327149,37.3225564,2016-05-31
공중화장실,안산시청사,경기도 안산시 단원구 화랑로 387 (고잔동),N,39,58,26,26,0,0,46,11,0,안산시장(회계과장),,24시간,1982-00-00,,126.8327149,37.3225564,2016-05-31
공중화장실,안산시정신보건센타,경기도 안산시 단원구 화랑로 387 (고잔동),N,3,4,0,0,0,0,4,0,0,안산시장(회계과장),,24시간,1986-00-00,,126.8327149,37.3225564,2016-05-31
공중화장실,네스앙스,경기도 안산시 단원구 광덕대로 203  (고잔동),N,4,3,0,0,0,0,2,0,0,상가번영회,,24시간,1995-00-00,,126.8293387,37.3148171,2016-05-31
공중화장실,로진프라자,경기도 안산시 단원구 광덕동로 39  (고잔동),N,24,18,0,0,0,0,18,0,0,㈜신하종합건설,,24시간,2002-00-00,,126.8320795,37.3079227,2016-05-31
공중화장실,화승타운,경기도 안산시 단원구 광덕3로 178  (고잔동),N,42,70,0,0,0,0,42,0,0,상가번영회,,24시간,2001-12-28,,126.8323591,37.3120606,2016-05-31
공중화장실,선부동우체국,경기도 안산시 단원구 선부광장1로 138  (선부동),N,0,0,1,1,0,0,0,0,0,우체국장,,24시간,1992-08-31,,126.8102395,37.3319544,2016-05-31
공중화장실,용신평생교육원,경기도 안산시 단원구 다문화길 16 (원곡동),N,3,2,1,1,0,0,3,1,0,안산시장,,24시간,1981-08-15,,126.7906038,37.3294417,2016-05-31
공중화장실,군자포커스프라자,경기도 안산시 단원구 화랑로 32 (원곡동),N,20,28,1,1,0,0,20,0,0,상가번영회,,24시간,2007-07-25,,126.7959598,37.3315703,2016-05-31
공중화장실,코로스프라자,경기도 안산시 상록구 광덕1로 370  (이동),N,10,10,0,0,0,0,15,0,0,개인,,24시간,2000-00-00,,126.8509811,37.3076056,2016-05-31
공중화장실,안산제일종합시장,경기도 안산시 단원구 선이로 14  (선부동),N,33,66,0,0,0,0,35,0,0,안산제1종합시장사업협동조합,,24시간,1991-06-30,,126.8036317,37.342356,2016-05-31
공중화장실,극동에너지,경기도 안산시 단원구 선이로 39  (선부동),N,0,0,0,0,0,0,0,0,0,㈜극동에너지,,24시간,1999-06-00,,126.8007759,37.343454,2016-05-31
공중화장실,시티프라자,경기도 안산시 단원구 광덕동로 91  (고잔동),N,10,10,0,0,0,0,15,0,0,상가번영회,,24시간,2000-00-00,,126.8325834,37.312652,2016-05-31
공중화장실,현대타운,경기도 안산시 단원구 광덕동로 99  (고잔동),N,12,24,0,0,0,0,18,0,0,상가번영회,,24시간,2002-12-31,,126.8326361,37.31329,2016-05-31
공중화장실,안산세관,경기도 안산시 단원구 선부광장1로 158  (선부동),N,6,5,1,1,0,0,5,1,0,안산세관,,24시간,1992-10-30,,126.8086313,37.3324709,2016-05-31
공중화장실,선부프라자빌딩,경기도 안산시 단원구 선부광장1로 162  (선부동),N,11,12,0,0,0,0,9,0,0,상가번영회,,24시간,2001-11-19,,126.8081615,37.3326611,2016-05-31
공중화장실,홈플러스,경기도 안산시 단원구 삼일로 316  (선부동),N,4,6,2,2,0,0,9,1,0,㈜홈플러스,,24시간,2005-11-14,,126.8125774,37.3337747,2016-05-31
공중화장실,경기도미술관,경기도 안산시 단원구 동산로 268 (초지동),N,5,6,4,4,0,0,6,1,0,경기도미술관장,,24시간,2006-09-20,,126.8099905,37.3250774,2016-05-31
공중화장실,월드상가1동,경기도 안산시 상록구 본삼로 38 (본오동),N,5,8,0,0,0,0,6,0,0,월드상가번영회,,24시간,1987-00-00,,126.8641416,37.3006979,2016-05-31
공중화장실,월드상가2동,경기도 안산시 상록구 본삼로 38 (본오동),N,2,4,0,0,0,0,4,0,0,월드상가번영회,,24시간,1987-00-00,,126.8641416,37.3006979,2016-05-31
공중화장실,월드프라자,경기도 안산시 상록구 본삼로 38 (본오동),N,10,20,0,0,0,0,15,0,0,월드상가번영회,,24시간,1987-02-00,,126.8641416,37.3006979,2016-05-31
공중화장실,선부지구대,경기도 안산시 단원구 선부광장1로 150  (선부동),N,1,1,0,0,0,0,1,0,0,지구대장,,24시간,2007-12-27,,126.8091876,37.332032,2016-05-31
공중화장실,안산소방서선부119안전센터,경기도 안산시 단원구 선부광장서로 43  (선부동),N,2,2,0,0,0,0,0,0,0,소방서장,,24시간,1994-00-00,,126.8043984,37.3339452,2016-05-31
공중화장실,선부시립어린이집,경기도 안산시 단원구 지곡로 48 (선부동),N,0,0,0,0,0,0,0,0,0,안산시장(여성가족과),,24시간,1993-00-00,,126.802481,37.3387499,2016-05-31
공중화장실,고잔지구대,경기도 안산시 단원구 화랑로 387 (고잔동),N,0,0,0,0,0,0,0,0,0,지구대장,,24시간,2001-11-07,,126.8327149,37.3225564,2016-05-31
공중화장실,안산소방서고잔119안전센터,경기도 안산시 단원구 화랑로 387 (고잔동),N,6,9,0,0,0,0,6,0,0,소방서장,,24시간,1991-11-28,,126.8327149,37.3225564,2016-05-31
공중화장실,본오프라자1차(본오아파트상가),경기도 안산시 상록구 선진로 106 (사동),N,18,18,0,0,0,0,18,0,0,상가번영회,,24시간,1982-00-00,,126.8528261,37.2800398,2016-05-31
공중화장실,경기지방경찰청외사범죄수사대,경기도 안산시 단원구 선부로 95  (선부동),N,0,0,0,0,0,0,0,0,0,경기도 경찰청,,24시간,1997-10-31,,126.8056833,37.3415304,2016-05-31
공중화장실,못골경로당,경기도 안산시 단원구 지곡로 36 (선부동),N,1,1,0,0,0,0,1,0,0,단원구청장(주민복지과장),,24시간,1989-12-23,,126.8037873,37.3380673,2016-05-31
공중화장실,정지막골경로당,경기도 안산시 단원구 석수로 5-1 (선부동),N,1,1,0,0,0,0,1,0,0,단원구청장(주민복지과장),,24시간,1993-00-00,,126.80816,37.3403487,2016-05-31
공중화장실,원국다문화지구대,경기도 안산시 단원구 원곡공원로 30 (원곡동),N,0,0,2,2,0,0,1,0,0,경기도 경찰청,,24시간,1997-07-10,,126.7946164,37.3326492,2016-05-31
개방화장실,신안코아,경기도 안산시 상록구 반석로 44 (본오동),N,12,12,0,0,0,0,12,0,0,입점자대표,,24시간,1993-06-00,,126.8645759,37.2950146,2016-05-31
공중화장실,시립대덕어린이집,경기도 안산시 단원구 원선로북길 7 (원곡동),N,0,0,0,0,0,0,0,0,0,안산시장(여성가족과장),,24시간,2000-08-19,,126.8026281,37.3325655,2016-05-31
공중화장실,어린이쉼터양곡경로당,경기도 안산시 단원구 원본로3길 28 (원곡동),N,1,1,0,0,0,0,1,0,0,단원구청장(주민복지과장),,24시간,1998-04-30,,126.7952766,37.3321926,2016-05-31
공중화장실,본오프라자2차(본오2차아파트상가),경기도 안산시 상록구 선진로 112 (사동),N,6,6,1,1,0,0,6,1,0,상가번영회,,24시간,1984-00-00,,126.8526084,37.2806702,2016-05-31
공중화장실,안산시청어린이집,경기도 안산시 단원구 화랑로 387 (고잔동),N,3,3,0,0,15,0,3,0,7,안산시장(회계과장),,24시간,1991-11-04,,126.8327149,37.3225564,2016-05-31
공중화장실,안산S/W지원센터,경기도 안산시 단원구 연수원로 104-14 (원곡동),N,6,6,0,0,0,0,5,0,0,안산시장(회계과장),,24시간,1984-00-00,,126.8012531,37.3216932,2016-05-31
공중화장실,안산여성근로자복지센터,경기도 안산시 단원구 원본로3길 28 (원곡동),N,0,0,0,0,0,0,0,0,0,안산시장(여성가족과),,24시간,1998-04-30,,126.7952766,37.3321926,2016-05-31
공중화장실,로얄빌딩,경기도 안산시 상록구 예술광장1로 46 (월피동),N,10,15,0,0,0,0,10,0,0,개인,,24시간,1999-00-00,,126.8469438,37.3293658,2016-05-31
공중화장실,민방위교육장,경기도 안산시 상록구 예술광장1로 32 (월피동),N,9,17,0,0,0,0,9,0,0,안산시장(재난총괄과장),,24시간,2000-07-11,,126.845982,37.3296277,2016-05-31
공중화장실,경기도안산교육청,경기도 안산시 단원구 적금로 134  (고잔동),N,10,12,2,2,0,0,13,2,0,경기도 교육청,,24시간,1988-00-00,,126.8266919,37.3198266,2016-05-31
공중화장실,안산세무서,경기도 안산시 단원구 화랑로 350  (고잔동),N,11,14,2,2,0,0,7,2,0,국세청,,24시간,1990-00-00,,126.8269327,37.3210631,2016-05-31
공중화장실,안산시민방위대피소,경기도 안산시 단원구 원선로 33-1 (원곡동),N,3,3,0,0,0,0,3,0,0,안산시장(재난총괄과장),,24시간,1986-00-00,,126.7970838,37.3281627,2016-05-31
공중화장실,원곡경로당,경기도 안산시 단원구 원곡경로당길 14 (원곡동),N,2,1,0,0,0,0,2,0,0,단원구청장(주민복지과장),,24시간,1993-00-00,,126.8027498,37.3240239,2016-05-31
공중화장실,시립원초어린이집,경기도 안산시 단원구 동산로 253 (초지동),N,0,0,0,0,0,0,0,0,0,안산시장(여성가족과장),,24시간,1996-12-00,,126.8085607,37.3247507,2016-05-31
공중화장실,안산시재활용품판매장,경기도 안산시 단원구 선부광장로 45  (선부동),N,0,0,0,0,0,0,0,0,0,개인,,24시간,2004-06-00,,126.8120871,37.3349452,2016-05-31
공중화장실,청소년수련원,경기도 안산시 단원구 풍전로 62  (원곡동),N,25,25,0,0,0,0,46,0,0,성락교회,,24시간,1988-08-18,,126.7944095,37.32246,2016-05-31
공중화장실,성호경로당,경기도 안산시 상록구 매화로1길 57 (이동),N,1,1,0,0,0,0,1,0,0,상록구청장(주민복지과장),,24시간,1997-07-00,,126.8600597,37.3049821,2016-05-31
공중화장실,적금노인정,경기도 안산시 단원구 큰우물길 22 (고잔동),N,1,1,0,0,0,0,1,0,0,단원구청장(주민복지과장),,24시간,1989-12-23,,126.8260753,37.3230297,2016-05-31
공중화장실,안산제일병원,경기도 안산시 단원구 광덕서로 100 (고잔동),N,1,1,1,1,0,0,1,1,0,병원장,,24시간,2001-11-22,,126.82769,37.313546,2016-05-31
공중화장실,트윈타워A동,경기도 안산시 단원구 광덕대로 203  (고잔동),N,21,21,0,0,0,0,21,0,0,상가운영위원회,,24시간,2002-00-00,,126.8293387,37.3148171,2016-05-31
공중화장실,트윈타워B동,경기도 안산시 단원구 광덕4로 148  (고잔동),N,21,21,0,0,0,0,21,0,0,상가운영위원회,,24시간,2002-00-00,,126.8288108,37.3147623,2016-05-31
공중화장실,경기테크노파크,경기도 안산시 상록구 해안로 705  (사동),N,20,25,4,4,0,0,20,4,0,㈜재단법인테크노파크,,24시간,1988-00-00,,126.8300017,37.2908721,2016-05-31
공중화장실,안산시험연구센타,경기도 안산시 상록구 해안로 723  (사동),N,16,24,2,2,0,0,16,2,0,한국산업기술시험원,,24시간,2007-04-19,,126.8318122,37.2922046,2016-05-31
공중화장실,전기시험연구소,경기도 안산시 상록구 항가울로 111  (사동),N,30,40,8,8,0,0,30,8,0,연구소장,,24시간,1988-00-00,,126.8426284,37.290713,2016-05-31
공중화장실,스타프라자,경기도 안산시 단원구 광덕2로 155-4  (고잔동),N,8,8,0,0,0,0,8,0,0,상가번영회,,24시간,2002-02-04,,126.8279051,37.310245,2016-05-31
개방화장실,퍼스트빌,경기도 안산시 단원구 광덕대로 155 (고잔동),N,8,6,0,0,0,0,8,0,0,상가번영회,,24시간,2002-00-00,,126.8290687,37.3104989,2016-05-31
공중화장실,부곡경로당,경기도 안산시 상록구 부곡로1안길 30 (부곡동),N,1,0,0,0,0,0,1,0,0,상록구청장(주민복지과장),,24시간,1989-00-00,,126.8604504,37.3230176,2016-05-31
공중화장실,상록경찰서,경기도 안산시 상록구 차돌배기로 10  (사동),N,20,60,0,0,0,0,20,0,0,경찰서장,,24시간,2005-00-00,,126.8451869,37.2991969,2016-05-31
공중화장실,밀레니엄1차,경기도 안산시 단원구 광덕대로 141  (고잔동),N,19,22,0,0,0,0,22,0,0,㈜삼성종합관리,,24시간,2002-00-00,,126.82895,37.3090931,2016-05-31
공중화장실,밀레니엄2차,경기도 안산시 단원구 광덕대로 137  (고잔동),N,16,16,0,0,0,0,16,0,0,㈜삼성종합관리,,24시간,2002-00-00,,126.8289236,37.3087904,2016-05-31
공중화장실,시랑경로당,경기도 안산시 상록구 정재로 28 (부곡동),N,1,1,0,0,0,0,1,0,0,상록구청장(주민복지과장),,24시간,1987-00-00,,126.8648246,37.3324763,2016-05-31
공중화장실,안산제2종합시장,경기도 안산시 상록구 성호로 258  (부곡동),N,15,25,0,0,0,0,15,0,0,개인,,24시간,1991-00-00,,126.8584899,37.3264284,2016-05-31
공중화장실,2001아울렛A관,경기도 안산시 단원구 광덕대로 194  (고잔동),N,20,28,0,0,0,0,20,0,0,스타맥스분양자협의회,,24시간,2006-02-28,,126.8310158,37.3134607,2016-05-31
공중화장실,2001아울렛B관,경기도 안산시 단원구 광덕대로 194  (고잔동),N,26,40,0,0,0,0,40,0,0,㈜이랜드,,24시간,2006-02-28,,126.8310158,37.3134607,2016-05-31
공중화장실,드림프라자,경기도 안산시 단원구 광덕동로 81  (고잔동),N,20,1,0,0,0,0,20,0,0,상가번영회,,24시간,2001-07-00,,126.8324502,37.3116859,2016-05-31
공중화장실,CGV,경기도 안산시 단원구 광덕대로 194  (고잔동),N,4,12,0,0,0,0,12,0,0,CGV,,24시간,2006-02-28,,126.8310158,37.3134607,2016-05-31
공중화장실,루씨어린이집,경기도 안산시 상록구 각골로5안길 10-9  (본오동),N,0,0,0,0,0,0,0,0,0,루씨동창회,,24시간,1999-05-00,,126.875178,37.3000829,2016-05-31
공중화장실,안산문화원,경기도 안산시 상록구 용신로 236-1 (사동),N,3,8,3,3,0,0,6,3,0,안산시장(문화예술과장),,24시간,2005-10-22,,126.8485672,37.3031082,2016-05-31
공중화장실,인우빌,경기도 안산시 상록구 석호공원로 69  (사동),N,1,2,1,1,0,0,2,1,0,개인,,24시간,2004-00-00,,126.8510875,37.3016913,2016-05-31
공중화장실,고잔1동우체국,경기도 안산시 단원구 광덕2로 186  (고잔동),N,0,0,2,2,0,0,0,1,0,우정사업국,,24시간,2003-11-00,,126.8313451,37.3094966,2016-05-31
개방화장실,폴리타운B동,경기도 안산시 단원구 광덕대로 130 (고잔동),N,16,16,0,0,0,0,16,0,0,상가번영회,,24시간,2004-06-00,,126.8306488,37.3081153,2016-05-31
공중화장실,한빛여성병원,경기도 안산시 단원구 광덕동로 53 (고잔동),N,2,2,0,0,0,0,4,1,0,한빛여성병원,,24시간,2001-03-01,,126.8322753,37.3091448,2016-05-31
공중화장실,약수경로당,경기도 안산시 상록구 각골로2안길 18 (본오동),N,1,1,0,0,0,0,1,0,0,상록구청장(주민복지과장),,24시간,1998-00-00,,126.8747384,37.2958764,2016-05-31
공중화장실,양지경로당,경기도 안산시 상록구 반석로2길 12 (본오동),N,1,1,0,0,0,0,1,0,0,상록구청장(주민복지과장),,24시간,2001-00-00,,126.8695651,37.2977738,2016-05-31
공중화장실,각골경로당,경기도 안산시 상록구 각골서로3길 12 (본오동),N,1,1,0,0,0,0,1,0,0,상록구청장(주민복지과장),,24시간,1987-00-00,,126.8708094,37.2956415,2016-05-31
공중화장실,시립성안어린이집,경기도 안산시 상록구 성안3길 9 (사동),N,0,0,0,0,0,0,0,0,0,안산시장(여성가족과),,24시간,2008-07-00,,126.8387464,37.3024717,2016-05-31
공중화장실,중앙경로당,경기도 안산시 단원구 예술대학로2길 3-16 (고잔동),N,1,0,0,0,0,0,1,0,0,단원구청장(주민복지과장),,24시간,1993-12-24,,126.8393024,37.3295323,2016-05-31
공중화장실,큰고개경로당,경기도 안산시 단원구 와동로1길 20 (와동),N,1,1,0,0,0,0,1,0,0,단원구청장(주민복지과장),,24시간,1994-10-13,,126.8252081,37.3330768,2016-05-31
공중화장실,시립이동어린이집,경기도 안산시 상록구 매화로1길 51 (이동),N,0,0,0,0,0,0,0,0,0,안산시장(여성가족과장),,24시간,1993-07-22,,126.860573,37.3055089,2016-05-31
공중화장실,이동경로당,경기도 안산시 상록구 도매시장로1길 31 (이동),N,1,1,0,0,0,0,1,0,0,상록구청장(주민복지과장),,24시간,1999-00-00,,126.8589145,37.3117745,2016-05-31
공중화장실,장수경로당,경기도 안산시 상록구 각골로7길 9 (본오동),N,3,4,0,0,0,0,2,0,0,상록구청장(주민복지과장),,24시간,1997-12-28,,126.8741573,37.3007378,2016-05-31
개방화장실,신양타운,경기도 안산시 단원구 광덕대로 193 (고잔동),N,16,38,8,8,0,0,24,8,0,신명타워분양자회,,24시간,2003-00-00,,126.8293499,37.313826,2016-05-31
공중화장실,최용신기념관,경기도 안산시 상록구 샘골서길 64 (본오동),N,2,2,2,2,0,0,2,2,0,안산시장(문화예술과장),,24시간,2007-06-07,,126.8627404,37.2996439,2016-05-31
공중화장실,정곡경로당,경기도 안산시 상록구 본오로7길 38-15 (본오동),N,1,1,0,0,0,0,1,0,0,상록구청장(주민복지과장),,24시간,1993-12-23,,126.8679079,37.2908989,2016-05-31
공중화장실,시립본오어린이집,경기도 안산시 상록구 이호로 98 (본오동),N,0,0,0,0,0,0,0,0,0,안산시장(여성가족과),,24시간,1994-05-00,,126.8678476,37.2867,2016-05-31
공중화장실,본오경로당(구.새마을복지회관노인정),경기도 안산시 상록구 본오로2길 20 (본오동),N,1,1,0,0,0,0,1,0,0,상록구청장(주민복지과장),,24시간,1989-00-00,,126.8682947,37.2863581,2016-05-31
공중화장실,이호경로당,경기도 안산시 상록구 막고지1길 19-5 (본오동),N,2,2,0,0,0,0,2,0,0,상록구청장(주민복지과장),,24시간,1998-02-20,,126.8580745,37.2833548,2016-05-31
공중화장실,폴리타운A동,경기도 안산시 단원구 광덕대로 130  (고잔동),N,16,16,0,0,0,0,16,0,0,상가번영회,,24시간,2004-06-00,,126.8306488,37.3081153,2016-05-31
공중화장실,현대월드프라자,경기도 안산시 상록구 건건로 131  (건건동),N,20,20,2,2,0,0,20,2,0,현대월드판매주식회사,,24시간,2007-05-00,,126.9051601,37.3123612,2016-05-31
공중화장실,재활용판매장,경기도 안산시 상록구 용신로 348  (본오동),N,0,0,0,0,0,0,0,0,0,개인,,24시간,2007-07-09,,126.8607066,37.3015805,2016-05-31
공중화장실,본오지구대,경기도 안산시 상록구 상록수로 12  (본오동),N,2,2,0,0,0,0,1,0,0,상록경찰서,,24시간,0000-00-00,,126.861219,37.3026407,2016-05-31
공중화장실,산정경로당,경기도 안산시 상록구 충장로3길 22 (본오동),N,1,2,0,0,0,0,1,0,0,상록구청장(주민복지과장),,24시간,1994-00-00,,126.8609484,37.2927975,2016-05-31
공중화장실,신고속주유소,경기도 안산시 상록구 석호로 367 (본오동),N,2,1,0,0,0,0,1,0,0,개인,,24시간,2009-02-24,,126.8715755,37.2934943,2016-05-31
공중화장실,안골경로당,경기도 안산시 상록구 충장로6길 45 (이동),N,1,1,0,0,0,0,1,0,0,상록구청장(주민복지과장),,24시간,1995-12-04,,126.8601401,37.3102802,2016-05-31
공중화장실,구룡경로당,경기도 안산시 상록구 구룡동길 10 (일동),N,4,6,0,0,0,0,4,0,0,상록구청장(주민복지과장),,24시간,1985-00-00,,126.869071,37.312143,2016-05-31
공중화장실,고려반월병원,경기도 안산시 상록구 건건로 56 (건건동),N,12,15,1,1,0,0,12,1,0,고려반월병원,,24시간,2009-06-17,,126.9031738,37.3060632,2016-05-31
공중화장실,부남경로당,경기도 안산시 상록구 부곡로3길 6 (부곡동),N,1,1,0,0,0,0,1,0,0,상록구청장(주민복지과장),,24시간,1991-00-00,,126.8605788,37.3268093,2016-05-31
공중화장실,안산시교통정보센타,경기도 안산시 상록구 항가울로 200  (사동),N,15,20,1,1,0,0,15,1,0,㈜한국건설관리공사,,24시간,1997-12-06,,126.8449902,37.2982848,2016-05-31
개방화장실,사동셀프주유소,경기도 안산시 상록구 선진로 11 (사동),N,1,1,0,0,0,0,2,0,0,개인,,24시간,2008-11-10,,126.8475115,37.2807251,2016-05-31
공중화장실,시립부곡어린이집,경기도 안산시 상록구 정재로6길 21 (부곡동),N,0,0,0,0,0,0,0,0,0,안산시장(여성가족과),,24시간,1998-09-19,,126.8666769,37.3340426,2016-05-31
공중화장실,시립감골어린이집,경기도 안산시 상록구 선진로 69 (사동),N,0,0,0,0,0,0,0,0,0,안산시장(여성가족과),,24시간,1998-09-19,,126.8499208,37.2780683,2016-05-31
공중화장실,SK안산충전소,경기도 안산시 상록구 선진안길 83  (사동),N,1,2,0,0,0,0,1,0,0,SK네트웍스,,24시간,1991-00-00,,126.8485189,37.2776953,2016-05-31
공중화장실,안산공과대학,경기도 안산시 단원구 신안산대학로 135 (초지동),N,166,254,6,6,0,0,202,0,0,안산공과대학,,24시간,1995-09-26,,126.805415,37.3090171,2016-05-31
공중화장실,월피경로당,경기도 안산시 상록구 시낭북로3길 12 (부곡동),N,1,1,0,0,0,0,1,0,0,상록구청장(주민복지과장),,24시간,1995-12-04,,126.8586285,37.334354,2016-05-31
공중화장실,정재경로당,경기도 안산시 상록구 성호로22길 44 (부곡동),N,1,1,0,0,0,0,1,0,0,상록구청장(주민복지과장),,24시간,2001-11-10,,126.8631913,37.3346297,2016-05-31
공중화장실,행복예절관,경기도 안산시 단원구 보배2길 64-8 (고잔동),N,2,1,1,1,0,0,4,1,0,안산시장(여성가족과장),,24시간,2008-07-31,,126.8321785,37.3324237,2016-05-31
공중화장실,향호경로당,경기도 안산시 상록구 항호1길 30-21 (사동),N,1,1,0,0,0,0,1,0,0,상록구청장(주민복지과장),,24시간,1995-12-04,,126.8468197,37.2837805,2016-05-31
공중화장실,시장 관사,경기도 안산시 단원구 보배2길 64-8 (고잔동),N,0,0,0,0,0,0,0,0,0,안산시장(회계과장),,24시간,1981-07-11,,126.8321785,37.3324237,2016-05-31
공중화장실,서울예술대학,경기도 안산시 단원구 예술대학로 171  (고잔동),N,78,85,4,4,0,0,94,5,0,학교법인동랑예술원,,24시간,2000-12-19,,126.8362746,37.3334134,2016-05-31
공중화장실,매화경로당,경기도 안산시 상록구 매화로1길 12-3 (이동),N,1,1,0,0,0,0,1,0,0,상록구청장(주민복지과장),,24시간,1991-00-00,,126.8591783,37.3058244,2016-05-31
공중화장실,상록수경로당,경기도 안산시 상록구 송호로 20 (이동),N,1,1,0,0,0,0,1,0,0,상록구청장(주민복지과장),,24시간,1992-00-00,,126.8483933,37.3133077,2016-05-31
공중화장실,시립와동어린이집,경기도 안산시 단원구 사세충열로4길 9 (와동),N,0,0,0,0,0,0,0,0,0,안산시장(여성가족과장),,24시간,1981-00-00,,126.8294297,37.3424392,2016-05-31
공중화장실,양지경로당,경기도 안산시 단원구 원선로 33-1 (원곡동),N,2,2,0,0,0,0,2,0,0,단원구청장(주민복지과장),,24시간,1991-04-20,,126.7970838,37.3281627,2016-05-31
공중화장실,대덕과학탐구학습관,경기도 안산시 상록구 삼일로 696  (성포동),N,0,0,0,0,0,0,0,0,0,(재)안산시청소년수련관,,24시간,2006-09-12,,126.8532686,37.3262526,2016-05-31
공중화장실,21세기병원,경기도 안산시 단원구 보화로 50 (고잔동),N,6,6,9,9,0,0,7,5,0,21세기병원,,24시간,1996-10-00,,126.831704,37.3306498,2016-05-31
공중화장실,석수경로당,경기도 안산시 단원구 북촌2길 17 (선부동),N,1,1,0,0,0,0,1,0,0,단원구청장(주민복지과장),,24시간,1993-01-25,,126.805024,37.3433386,2016-05-31
공중화장실,선부경로당,경기도 안산시 단원구 선삼로 68 (선부동),N,1,1,0,0,0,0,3,0,0,단원구청장(주민복지과장),,24시간,1997-12-16,,126.8112903,37.3467078,2016-05-31
공중화장실,달미경로당,경기도 안산시 단원구 화정천서로4안길 18 (선부동),N,1,1,0,0,0,0,1,0,0,단원구청장(주민복지과장),,24시간,1994-10-13,,126.8160729,37.3440699,2016-05-31
공중화장실,와동지구대,경기도 안산시 단원구 와동로7길 1  (와동),N,0,0,0,0,0,0,0,0,0,경찰청,,24시간,1998-00-00,,126.8276238,37.3405336,2016-05-31
공중화장실,거미울경로당,경기도 안산시 단원구 거미울길 9 (선부동),N,1,1,0,0,0,0,1,0,0,단원구청장(주민복지과장),,24시간,2001-11-15,,126.8024824,37.3416765,2016-05-31
공중화장실,새천년주유소,경기도 안산시 단원구 정왕대로 424 (신길동),N,1,1,0,0,0,0,1,0,0,SK네트웍스,,24시간,0000-00-00,,126.7561293,37.3341367,2016-05-31
개방화장실,신길충전소,경기도 안산시 단원구 중앙대로 179 (신길동),N,2,2,0,0,0,0,2,0,0,신길충전소,,24시간,0000-00-00,,126.76122,37.3343597,2016-05-31
공중화장실,시곡경로당,경기도 안산시 상록구 시곡2길 2 (사동),N,1,1,0,0,0,0,1,0,0,상록구청장(주민복지과장),,24시간,1994-00-00,,126.85587,37.2945286,2016-05-31
공중화장실,경우경로당,경기도 안산시 상록구 영화5길 15 (사동),N,1,0,0,0,0,0,1,0,0,상록구청장(주민복지과장),,24시간,2008-00-00,,126.8511127,37.2797601,2016-05-31
공중화장실,안산시립수암어린이집,경기도 안산시 상록구 수암길 26 (수암동),N,2,3,0,0,6,0,2,0,3,안산시장(여성가족과장),,24시간,2001-06-30,,126.8779245,37.3621308,2016-05-31
공중화장실,황금경로당,경기도 안산시 단원구 황금길 9-4 (고잔동),N,1,1,0,0,0,0,1,0,0,단원구청장(주민복지과장),,24시간,2001-11-15,,126.829751,37.3320706,2016-05-31
공중화장실,마을공회당,경기도 안산시 단원구 대쟁이길 10  (선부동),N,2,2,0,0,0,0,2,0,0,단원구청,,24시간,1993-02-22,,126.7982966,37.3506004,2016-05-31
공중화장실,모곡경로당,경기도 안산시 단원구 지곡로6길 33 (선부동),N,1,1,0,0,0,0,1,0,0,단원구청장(주민복지과장),,24시간,0000-00-00,,126.7965233,37.3401959,2016-05-31
공중화장실,튼튼병원,경기도 안산시 상록구 도매시장로 2 (이동),N,10,10,2,2,0,0,10,2,0,박진수,,24시간,1997-12-00,,126.8567338,37.3077028,2016-05-31
공중화장실,와동 왜둘기경로당,경기도 안산시 단원구 화정천동로3길 17 (와동),N,1,1,0,0,0,0,1,0,0,단원구청장(주민복지과장),,24시간,1993-01-25,,126.8205281,37.3442245,2016-05-31
공중화장실,강서경로당,경기도 안산시 단원구 화정로안길 6 (와동),N,1,1,0,0,0,0,1,0,0,단원구청장(주민복지과장),,24시간,1998-07-10,,126.8174496,37.3329389,2016-05-31
공중화장실,와동경로당,경기도 안산시 단원구 사세충열로1길 24-17 (와동),N,0,0,0,0,0,0,0,0,0,단원구청장(주민복지과장),,24시간,0000-00-00,,126.8293595,37.3375483,2016-05-31
공중화장실,㈜반월가스공업,경기도 안산시 상록구 삼천리5길 24-5  (건건동),N,2,2,0,0,0,0,2,0,0,원전에너지,,24시간,2001-08-00,,126.9010643,37.3147258,2016-05-31
공중화장실,고잔2동 우체국,경기도 안산시 단원구 당곡2로 30  (고잔동),N,0,0,0,0,0,0,0,0,0,우정사업국,,24시간,1988-10-10,,126.8400494,37.324192,2016-05-31
공중화장실,IBK기업은행,경기도 안산시 단원구 별망로 424 (목내동),N,6,10,0,0,0,0,8,0,0,IBK기업은행,,24시간,1989-00-00,,126.7718639,37.3042394,2016-05-31
공중화장실,상록수병원,경기도 안산시 상록구 선암로 40 (본오동),N,5,4,0,0,0,0,7,0,0,이장환,,24시간,1996-05-28,,126.8631396,37.2884823,2016-05-31
공중화장실,한국농어촌공사,경기도 안산시 상록구 해안로 870  (사동),N,4,6,0,0,0,0,4,0,0,한국농어촌공사,,24시간,1995-05-30,,126.8437001,37.280785,2016-05-31
공중화장실,한국해양연구소,경기도 안산시 상록구 해안로 787  (사동),N,8,12,0,0,0,0,12,0,0,과기부산하 기초기술연구회,,24시간,1973-00-00,,126.8352151,37.2853111,2016-05-31
공중화장실,면허시험장,경기도 안산시 단원구 순환로 352  (와동),N,13,17,9,9,0,0,11,4,0,경기도 경찰청,,24시간,1989-08-11,,126.8281224,37.3455729,2016-05-31
공중화장실,단원경찰서,경기도 안산시 단원구 화랑로 373  (고잔동),N,12,34,2,2,0,0,6,0,0,경기도 경찰청,,24시간,1989-10-30,,126.8295617,37.32195,2016-05-31
공중화장실,교통안전공단,경기도 안산시 단원구 화랑로 376  (고잔동),N,23,23,0,0,0,0,17,0,0,교통안전공단,,24시간,1991-00-00,,126.829257,37.3209908,2016-05-31
공중화장실,화랑노인정,경기도 안산시 단원구 인현3길 14 (고잔동),N,1,0,0,0,0,0,1,0,0,단원구청장(주민복지과장),,24시간,1993-01-25,,126.8207836,37.325988,2016-05-31
공중화장실,수원지방법원 안산지점,경기도 안산시 단원구 광덕서로 73 (고잔동),N,44,54,20,20,0,0,44,10,0,법무부,,24시간,2002-00-00,,126.8261074,37.311028,2016-05-31
공중화장실,서울보증보험㈜,경기도 안산시 단원구 광덕대로 271  (고잔동),N,8,8,0,0,0,0,8,0,0,개인,,24시간,1989-04-14,,126.8300154,37.3208946,2016-05-31
공중화장실,안산우체국,경기도 안산시 단원구 중앙대로 815  (고잔동),N,6,13,0,0,0,0,9,0,0,우체국장,,24시간,1987-04-11,,126.82699,37.3177186,2016-05-31
개방화장실,아이즈빌1오피스텔,경기도 안산시 단원구 고잔로 51 (고잔동),N,5,8,1,1,0,0,8,1,0,개인,,24시간,2007-00-00,,126.8319949,37.3195711,2016-05-31
공중화장실,치항병원,경기도 안산시 단원구 고잔2길 2 (고잔동),N,10,10,2,2,0,0,10,1,0,치항병원,,24시간,2007-12-05,,126.8312816,37.317714,2016-05-31
공중화장실,수도권대기환경청,경기도 안산시 단원구 원고잔로 34  (고잔동),N,6,11,2,2,0,0,6,1,0,환경청,,24시간,1989-12-00,,126.8284369,37.3204454,2016-05-31
공중화장실,안산상공회의소,경기도 안산시 단원구 적금로 120  (고잔동),N,10,14,0,0,0,0,10,0,0,상공회의소,,24시간,1994-12-16,,126.8264051,37.3189395,2016-05-31
공중화장실,안산시건강가정지원센타,경기도 안산시 단원구 광덕2로 249 (고잔동),N,2,2,1,1,0,0,2,1,0,단원구청장(주민복지과장),,24시간,0000-00-00,,126.8382891,37.3095532,2016-05-31
공중화장실,한국생산기술원,경기도 안산시 상록구 항가울로 143  (사동),N,52,80,9,9,0,0,52,9,0,과기부,,24시간,2007-00-00,,126.8416588,37.2927588,2016-05-31
공중화장실,대동조이월드,경기도 안산시 단원구 고잔로 108  (고잔동),N,33,48,8,8,0,0,59,8,0,우성산업㈜,,24시간,2006-10-27,,126.8380396,37.318574,2016-05-31
공중화장실,GS백화점,경기도 안산시 단원구 고잔1길 12  (고잔동),N,17,20,1,1,0,0,34,1,1,GS리테일,,24시간,1992-10-23,,126.8344984,37.3180033,2016-05-31
공중화장실,한양증권,경기도 안산시 단원구 광덕대로 264 (고잔동),N,10,10,0,0,0,0,10,0,0,한양증권,,24시간,1992-10-19,,126.8314884,37.320057,2016-05-31
공중화장실,삼성화재,경기도 안산시 단원구 광덕대로 259  (고잔동),N,19,20,1,1,0,0,24,1,0,삼성화재,,24시간,2008-10-23,,126.8298195,37.3196906,2016-05-31
공중화장실,뉴코아아울렛,경기도 안산시 단원구 당곡로 20  (고잔동),N,18,30,2,2,0,0,45,1,0,㈜이랜드,,24시간,1995-11-28,,126.8337972,37.3187952,2016-05-31
공중화장실,우경조병원,경기도 안산시 단원구 중앙대로 861 (고잔동),N,11,12,2,2,0,0,13,1,0,우경조,,24시간,2008-10-17,,126.8320675,37.3173943,2016-05-31
공중화장실,안산시상하수도사업소,경기도 안산시 단원구 고잔로 27  (고잔동),N,15,15,1,1,0,0,30,1,0,안산시상하수도사업소장(수도행정과장),,24시간,2009-00-00,,126.8292007,37.3199672,2016-05-31
공중화장실,고잔2동 주민센터,경기도 안산시 단원구 예술대학로 76  (고잔동),N,8,6,4,4,16,0,2,0,0,고잔2동장,,24시간,2013-00-00,,126.8377438,37.3239365,2016-05-31
공중화장실,중부흥 어민복지회관,경기도 안산시 단원구 부흥로 166  (대부남동),N,1,1,2,2,0,0,1,1,0,안산시장(해양수산과장),,24시간,2013-01-30,,126.5930262,37.2218157,2016-05-31
공중화장실,말부흥 경로당,경기도 안산시 단원구 작은말길 12  (대부남동),N,1,1,1,1,0,0,1,1,0,단원구청장(주민복지과장),,24시간,2012-09-18,,126.6075019,37.2149373,2016-05-31
개방화장실,대부도 관광안내소,경기도 안산시 단원구 대부황금로 1531 (대부북동),N,1,1,1,1,0,0,2,1,0,안산시장(관광과장),,24시간,2012-12-17,,126.5779451,37.2898921,2016-05-31
공중화장실,상동 어민 복지회관,경기도 안산시 단원구 장골길 18  (대부북동),N,0,0,0,0,0,0,0,0,0,안산시장(해양수산과장),,24시간,2011-04-13,,126.5812096,37.2437419,2016-05-31
공중화장실,선감동 경로당,경기도 안산시 단원구 개건너길 117  (선감동),N,0,0,2,2,0,0,0,1,0,단원구청장(주민복지과장),,24시간,2009-08-18,,126.6313123,37.2227304,2016-05-31
공중화장실,탄도항 공중화장실,경기도 안산시 단원구 대부황금로 5-20  (선감동),N,2,3,0,0,1,0,9,0,0,안산도시공사장,,24시간,2007-09-06,,126.6463822,37.1911496,2016-05-31
공중화장실,석수골 동네마당,경기도 안산시 단원구 석수로9길 20  (선부동),N,0,1,3,3,0,0,1,2,0,단원구청장(주민복지과장),,24시간,2010-08-05,,126.8039368,37.3465697,2016-05-31
공중화장실,안산 보둠이나눔이 어린이집,경기도 안산시 단원구 신길중앙로 17  (신길동),N,0,2,5,5,0,0,1,9,0,안산시장(여성가족과),,24시간,2010-02-10,,126.7619756,37.3380663,2016-05-31
공중화장실,경로당,경기도 안산시 단원구 화정천동로2안길 25  (와동),N,0,0,2,2,0,0,1,1,0,단원구청장(주민복지과장),,24시간,2012-05-22,,126.8222182,37.3453624,2016-05-31
공중화장실,원곡본동 주민센터,경기도 안산시 단원구 부부로 55  (원곡동),N,8,8,2,2,0,0,13,1,0,원곡본동장,,24시간,2012-00-00,,126.7908684,37.3332878,2016-05-31
공중화장실,화랑오토캠핑장,경기도 안산시 단원구 동산로 268  (초지동),N,6,8,4,4,2,0,14,2,2,안산도시공사장,,24시간,2013-03-20,,126.8099905,37.3250774,2016-05-31
공중화장실,안산글로벌다문화센터,경기도 안산시 단원구 화정로 26  (초지동),N,8,8,8,8,0,0,20,4,0,안산시외국인주민센터,,24시간,2013-03-14,,126.8153913,37.3311697,2016-05-31
공중화장실,초지동 주민센터,경기도 안산시 단원구 초지동로 67  (초지동),N,4,4,0,0,0,0,4,2,0,초지동장,,24시간,2012-00-00,,126.8168644,37.3099761,2016-05-31
공중화장실,상록수체육관,경기도 안산시 상록구 용신로 422  (본오동),N,14,16,7,7,0,0,36,3,0,안산시장(체육진흥과장),,24시간,2013-00-00,,126.8685761,37.3009552,2016-05-31
공중화장실,본오1동 경로당,경기도 안산시 상록구 샘골로 7-1  (본오동),N,0,0,2,2,0,0,0,1,0,상록구청장(주민복지과장),,24시간,2009-08-19,,126.8635074,37.2846479,2016-05-31
공중화장실,본오도서관,경기도 안산시 상록구 각골로 49  (본오동),N,2,2,4,4,0,0,6,2,0,감골도서관장,,24시간,2013-04-12,,126.8722919,37.293996,2016-05-31
공중화장실,본오1동 주민센터,경기도 안산시 상록구 샘골로 16  (본오동),N,4,4,8,8,0,0,8,4,0,본오1동장,,24시간,2012-00-00,,126.8642508,37.2851065,2016-05-31
공중화장실,부곡공원 생활체육관,경기도 안산시 상록구 정재로 62  (부곡동),N,2,1,1,1,0,0,2,0,0,안산도시공사장,,24시간,2012-07-12,,126.8680241,37.3328079,2016-05-31
공중화장실,사동복지관,경기도 안산시 상록구 한양대학로 31 (사동),N,3,3,1,1,0,0,3,1,0,안산시장(사회복지과장),,24시간,1994-04-08,,126.8403649,37.3009061,2016-05-31
공중화장실,사3동 주민센터,경기도 안산시 상록구 해양로 8  (사동),N,4,7,2,2,0,0,12,1,0,사3동장,,24시간,2012-00-00,,126.8200502,37.2947355,2016-05-31
공중화장실,교통안전체험교육장,경기도 안산시 상록구 석호공원로 1  (사동),N,2,3,2,2,1,0,2,1,3,안산시장(교통정책과장),,24시간,2011-01-11,,126.8439622,37.3023525,2016-05-31
공중화장실,상록구청사,경기도 안산시 상록구 석호로 110  (사동),N,17,20,5,5,7,0,30,1,6,상록구청장(행정지원과장),,24시간,2011-00-00,,126.8464096,37.3013358,2016-05-31
공중화장실,덕망경로당,경기도 안산시 상록구 후곡1길 26-9  (사동),N,0,0,1,1,0,0,0,1,0,상록구청장(주민복지과장),,24시간,2012-12-12,,126.8449509,37.2976793,2016-05-31
공중화장실,일동 주민센터,경기도 안산시 상록구 성호로 53  (일동),N,4,4,8,8,0,0,8,2,0,일동장,,24시간,2012-00-00,,126.8661999,37.3103269,2016-05-31
공중화장실,원후경로당,경기도 안산시 상록구 원후길 6-15  (장하동),N,0,0,2,2,0,0,0,1,0,상록구청장(주민복지과장),,24시간,2012-10-25,,126.8587231,37.3513223,2016-05-31
공중화장실,소학경로당,경기도 안산시 상록구 팔곡길 53  (팔곡이동),N,0,0,2,2,0,0,0,1,0,상록구청장(주민복지과장),,24시간,2012-08-24,,126.8850525,37.2980566,2016-05-31
공중화장실,신길중앙주유소,경기도 안산시 단원구 삼일로 57  (신길동),N,1,2,0,0,0,0,1,0,0,개인,,24시간,2010-09-15,,126.7844749,37.3356694,2016-05-31
공중화장실,동현주유소,경기도 안산시 단원구 대선로 237  (대부북동),N,1,1,0,0,0,0,1,0,0,개인,,24시간,2010-09-17,,126.5755165,37.2524473,2016-05-31
공중화장실,황소주유소,경기도 안산시 상록구 서해로 2691  (사사동),N,1,1,0,0,0,0,1,0,0,개인,,24시간,2011-11-03,,126.9118664,37.2922012,2016-05-31
공중화장실,스마트허브주유소,경기도 안산시 단원구 해봉로 204  (성곡동),N,3,1,0,0,0,0,3,0,0,개인,,24시간,2012-05-22,,126.7646293,37.3208331,2016-05-31
공중화장실,반월공단주유소,경기도 안산시 단원구 시우로 46  (초지동),N,1,2,1,1,0,0,2,0,0,개인,,24시간,2012-07-03,,126.8030071,37.3032321,2016-05-31
공중화장실,신길IC주유소,경기도 안산시 단원구 성곡로 279  (신길동),N,2,2,0,0,0,0,1,0,0,개인,,24시간,2013-06-27,,126.769227,37.3299822,2016-05-31
공중화장실,해안로충전소,경기도 안산시 상록구 해안로 738  (사동),N,0,0,2,2,0,0,0,1,0,개인,,24시간,2010-05-14,,126.828914,37.2871439,2016-05-31
공중화장실,안산성원충전소,경기도 안산시 상록구 수인로 1848  (장상동),N,3,4,0,0,0,0,3,0,0,개인,,24시간,2011-07-15,,126.8712956,37.3491886,2016-05-31
개방화장실,안산IC충전소,경기도 안산시 상록구 가루개로 181 (양상동),N,1,3,0,0,0,0,2,0,0,개인,,24시간,2012-10-04,,126.8512213,37.343676,2016-05-31
공중화장실,㈜우리에너지,경기도 안산시 상록구 서해로 2938  (건건동),N,2,2,0,0,0,0,2,0,0,개인,,24시간,2013-04-23,,126.9142153,37.3132547,2016-05-31
공중화장실,세진에너지㈜,경기도 안산시 단원구 시흥대로 84-9  (선부동),N,3,2,0,0,0,0,2,0,0,개인,,24시간,2010-07-20,,126.7995769,37.3495862,2016-05-31
공중화장실,한창충전소,경기도 안산시 단원구 대선로 419  (대부남동),N,2,1,2,2,0,0,2,1,0,개인,,24시간,2010-12-17,,126.5726479,37.2366688,2016-05-31
공중화장실,한국전력공사안산지점사옥,경기도 안산시 단원구 원고잔로 25  (고잔동),N,14,19,1,1,0,0,14,1,0,한국전력안산지사장,,24시간,2010-07-12,,126.8273623,37.3206781,2016-05-31
공중화장실,한국농어촌공사화안사업단,경기도 안산시 단원구 적금로1길 17  (고잔동),N,13,14,1,1,0,0,11,1,0,한국농어촌공사화안사업단장,,24시간,2010-09-27,,126.8281215,37.3182356,2016-05-31
공중화장실,안산시청 별관,경기도 안산시 단원구 중앙대로 839  (고잔동),N,10,5,10,10,0,0,15,5,0,안산시장(회계과장),,24시간,2012-00-00,,126.8296526,37.3176504,2016-05-31
공중화장실,프라움시티,경기도 안산시 단원구 당곡로 33  (고잔동),N,10,10,2,2,0,0,12,2,0,개인,,24시간,2010-11-18,,126.8331487,37.3202539,2016-05-31
개방화장실,신원프라자,경기도 안산시 단원구 광덕4로 102 (고잔동),N,10,13,2,2,0,0,10,2,0,개인,,24시간,2003-08-18,,126.8236069,37.3151979,2016-05-31
공중화장실,탄도항 공중화장실,경기도 안산시 단원구 대부황금로 5-14  (선감동),N,2,3,1,1,0,0,8,1,0,안산도시공사장,,24시간,2007-08-08,,126.6461685,37.1915635,2016-05-31
공중화장실,어촌민속박물관,경기도 안산시 단원구 대부황금로 7 (선감동),N,4,8,1,1,1,0,9,1,1,안산도시공사장,,24시간,2006-01-01,,126.6461191,37.1925076,2016-05-31
공중화장실,누에섬 등대,경기도 안산시 단원구 대부황금로 17-156 (선감동),N,2,4,0,0,0,0,3,0,0,안산도시공사장,,24시간,2006-01-01,,126.6314788,37.1866314,2016-05-31
개방화장실,모리아오피스텔,경기도 안산시 단원구 중앙대로 421 (신길동),N,3,9,3,3,0,0,9,3,0,현대주택관리(주),,24시간,2013-12-05,,126.786504,37.3300254,2016-05-31
공중화장실,신안산주유소,경기도 안산시 단원구 고잔로 86 (고잔동),N,2,3,0,0,0,0,1,0,0,신안산주유소,,24시간,1992-00-00,,126.8355117,37.3189634,2016-05-31
공중화장실,하이마트,경기도 안산시 단원구 광덕대로 198  (고잔동),N,9,9,2,2,0,0,9,1,0,하이마트,,24시간,2002-00-00,,126.8310729,37.3141528,2016-05-31
공중화장실,SK고잔주유소,경기도 안산시 단원구 적금로 114 (고잔동),N,1,2,0,0,0,0,2,0,0,㈜SK,,24시간,1997-00-00,,126.8263027,37.3183159,2016-05-31
공중화장실,신양주유소,경기도 안산시 상록구 월피로 84 (월피동),N,2,2,0,0,0,0,1,0,0,개인,,24시간,2004-12-21,,126.8527583,37.3356299,2016-05-31
공중화장실,월피동주유소,경기도 안산시 상록구 시낭로 25 (월피동),N,2,2,0,0,0,0,1,0,0,개인,,24시간,2005-02-02,,126.8529124,37.3353346,2016-05-31
공중화장실,참좋은휘트니스,경기도 안산시 상록구 예술광장로 11 (월피동),N,2,2,0,0,0,0,2,0,0,개인,,24시간,1991-00-00,,126.8452611,37.3290068,2016-05-31
공중화장실,SK신도시주유소,경기도 안산시 상록구 예술광장1로 18 (월피동),N,1,1,0,0,0,0,1,0,0,개인,,24시간,2000-11-15,,126.8448093,37.3292333,2016-05-31
공중화장실,안산정수장,경기도 안산시 단원구 예술대학로5길 46 (고잔동),N,3,3,0,0,0,0,3,0,0,안산시상하수도사업소장(정수과장),,24시간,1989-04-15,,126.8344082,37.3323872,2016-05-31
공중화장실,호수동주민센터,경기도 안산시 단원구 광덕2로 125 (고잔동),N,11,11,6,6,0,0,16,0,0,호수동장,,24시간,2005-12-15,,126.8243855,37.3102794,2016-05-31
공중화장실,필라휘트니스센터(예술프라자),경기도 안산시 상록구 화랑로 501  (성포동),N,10,16,1,1,0,0,14,1,0,개인,,24시간,2002-09-13,,126.8438698,37.3208741,2016-05-31
공중화장실,삼진종합상사,경기도 안산시 상록구 예술광장로 11 (월피동),N,10,10,0,0,0,0,10,0,0,개인,,24시간,1991-00-00,,126.8452611,37.3290068,2016-05-31
공중화장실,삼성생명,경기도 안산시 단원구 광덕대로 254  (고잔동),N,17,18,0,0,0,0,17,0,0,관리사무실,,24시간,1997-06-20,,126.831468,37.3190766,2016-05-31
공중화장실,신한은행,경기도 안산시 단원구 당곡로 17  (고잔동),N,6,8,1,1,0,0,7,1,0,신한은행지점장,,24시간,1990-11-10,,126.8330937,37.3186068,2016-05-31
공중화장실,에이스타워,경기도 안산시 단원구 고잔로 54  (고잔동),N,30,40,0,0,0,0,29,1,0,관리사무실,,24시간,2003-12-30,,126.8321179,37.3190523,2016-05-31
개방화장실,오션빌딩,경기도 안산시 단원구 고잔로 58-6 (고잔동),N,19,20,0,0,0,0,18,1,0,관리사무실,,24시간,1995-12-11,,126.8320419,37.3187314,2016-05-31
공중화장실,안산역,경기도 안산시 단원구 바라지길 14 (신길동),N,3,4,1,1,0,0,6,1,1,한국철도공사장(안산관리역장),,24시간,1988-00-00,,126.7615501,37.3327133,2016-05-31
공중화장실,안산유통상가2차,경기도 안산시 단원구 산단로 348 (원곡동),N,82,76,3,3,0,0,77,3,0,안산유통상가사업협동조합,,24시간,1992-04-10,,126.7864013,37.3264464,2016-05-31
공중화장실,안산의류상설할인매장(A동),경기도 안산시 상록구 삼리로 45  (사동),N,14,15,5,5,0,0,14,5,0,영보BS,,24시간,2001-11-08,,126.8446652,37.3049809,2016-05-31
공중화장실,안산의류상설할인매장(B동),경기도 안산시 상록구 삼리로 49  (사동),N,12,15,5,5,0,0,12,5,0,영보BS,,24시간,2001-11-08,,126.8461812,37.3049396,2016-05-31
공중화장실,나이스헬스클럽(사이버빌딩),경기도 안산시 상록구 성포로 30  (성포동),N,8,8,0,0,0,0,8,0,0,개인,,24시간,2002-10-23,,126.8447674,37.3232612,2016-05-31
공중화장실,성포도서관,경기도 안산시 상록구 충장로 528 (성포동),N,6,9,0,0,0,0,7,0,0,감골도서관장,,24시간,1997-05-10,,126.8503733,37.3251786,2016-05-31
공중화장실,안산시청소년수련관,경기도 안산시 상록구 삼일로 696 (성포동),N,7,16,1,1,1,0,15,1,1,안산시장(평생교육과장),,24시간,2003-10-18,,126.8532686,37.3262526,2016-05-31
공중화장실,성우주유소,경기도 안산시 상록구 안산천서로 277 (월피동),N,1,1,0,0,0,0,1,0,0,개인,,24시간,1989-05-13,,126.8502666,37.3379983,2016-05-31
공중화장실,베스코아트빌,경기도 안산시 상록구 광덕산안길 14 (월피동),N,4,6,0,0,0,0,4,0,0,㈜유림종합개발,,24시간,2003-05-20,,126.8443824,37.3348768,2016-05-31
개방화장실,GS하이웨이점주유소,경기도 안산시 상록구 안산천서로 263 (월피동),N,2,2,0,0,0,0,2,0,0,지에스칼텍스㈜하이웨이,,24시간,1997-11-27,,126.8494382,37.3368872,2016-05-31
공중화장실,관산공원,경기도 안산시 단원구 관산길 29 (원곡동),N,1,1,0,0,0,0,2,0,0,안산시장(시민공원과장),,24시간,1998-00-00,,126.7995916,37.3321423,2016-05-31
공중화장실,안산유통상가1차,경기도 안산시 단원구 산단로 342 (원곡동),N,331,357,0,0,0,0,325,0,0,안산유통상가사업협동조합,,24시간,1989-08-10,,126.7865893,37.3254123,2016-05-31
공중화장실,성호공원(1구역관리사),경기도 안산시 상록구 성호로 333 (부곡동),N,2,4,0,0,0,0,4,0,0,안산시장(시민공원과장),,24시간,1998-00-00,,126.8608704,37.3326952,2016-05-31
공중화장실,성호공원(2구역관리사),경기도 안산시 상록구 성호로 285 (부곡동),N,4,5,1,1,1,0,6,1,1,안산시장(시민공원과장),,24시간,2006-00-00,,126.8586753,37.3286488,2016-05-31
공중화장실,반월종합상가,경기도 안산시 단원구 화랑로 103 (원곡동),N,4,5,0,0,0,0,8,0,0,관리사무실,,24시간,1981-05-22,,126.8007741,37.3270445,2016-05-31
공중화장실,서울S의원(구나눔의원),경기도 안산시 단원구 원선로 55 (원곡동),N,0,0,0,0,0,0,0,0,0,병원장,,24시간,1986-00-00,,126.798524,37.3297005,2016-05-31
공중화장실,안산동주민센터,경기도 안산시 상록구 장하로 315 (수암동),N,13,10,2,2,0,0,17,2,0,안산동장,,24시간,1990-07-12,,126.8733509,37.3618773,2016-05-31
개방화장실,수암주유소,경기도 안산시 상록구 원당골1길 23-14 (수암동),N,2,1,0,0,0,0,2,0,0,개인,,24시간,2002-00-00,,126.8770074,37.3651645,2016-05-31
공중화장실,완충녹지,경기도 안산시 단원구 원선1로 9 (원곡동),N,0,0,0,0,0,0,0,0,0,단원구청장(도시주택과장),,24시간,2003-00-00,,126.8002175,37.3241891,2016-05-31
공중화장실,완충녹지,경기도 안산시 단원구 원곡경로당길 4 (원곡동),N,0,0,0,0,0,0,0,0,0,단원구청장(도시주택과장),,24시간,2003-00-00,,126.8017799,37.3238637,2016-05-31
공중화장실,제8주구(근로자)운동장,경기도 안산시 단원구 부부로 98 (원곡동),N,4,9,1,1,0,0,10,1,0,안산도시공사장,,24시간,1990-00-00,,126.7916659,37.3370591,2016-05-31
공중화장실,원곡본동주민센터(구),경기도 안산시 단원구 원본로 15 (원곡동),N,2,2,0,0,0,0,3,1,0,안산시장(회계과장),,24시간,1981-11-31,,126.7917678,37.3312098,2016-05-31
공중화장실,완충녹지,경기도 안산시 단원구 중앙대로 462 (원곡동),N,1,1,0,0,0,0,1,0,0,단원구청장(도시주택과장),,24시간,2003-00-00,,126.7904192,37.3260174,2016-05-31
공중화장실,원곡1동주민센터,경기도 안산시 단원구 원선로 31 (원곡동),N,1,2,0,0,0,0,3,1,0,원곡1동장,,24시간,1987-09-29,,126.796913,37.3279173,2016-05-31
공중화장실,시민공원눈썰매장,경기도 안산시 단원구 동산로 181  (원곡동),N,7,9,1,1,0,0,11,1,0,안산도시공사장,,24시간,2003-10-30,,126.8031037,37.3198329,2016-05-31
공중화장실,다농마트,경기도 안산시 상록구 예술광장로 1 (월피동),N,33,44,2,2,0,0,31,2,0,㈜민주산업,,24시간,1992-12-09,,126.8442379,37.3283603,2016-05-31
개방화장실,SK팔곡주유소,경기도 안산시 상록구 해안로 1295  (팔곡이동),N,2,1,0,0,0,0,2,0,0,SK네트웍스팔곡주유소,,24시간,1996-11-25,,126.8840987,37.2933558,2016-05-31
공중화장실,삼정주유소,경기도 안산시 단원구 삼일로 122 (원곡동),N,1,2,0,0,0,0,1,0,0,주유소장,,24시간,1987-00-00,,126.791876,37.3345185,2016-05-31
공중화장실,공단전망대,경기도 안산시 단원구 범지기로141번길 118 (초지동),N,1,1,0,0,0,0,1,0,0,안산시장(시민공원과장),,24시간,1988-00-00,,126.8019511,37.3102044,2016-05-31
공중화장실,성호공원(3구역)호동초맞은편,경기도 안산시 상록구 웃말1안길 48 (일동),N,1,2,0,0,0,0,2,1,0,안산시장(시민공원과장),,24시간,2009-00-00,,126.8692799,37.3087878,2016-05-31
개방화장실,디에스에이도금단지주유소,경기도 안산시 상록구 용담로 75  (팔곡이동),N,2,2,0,0,0,0,3,0,0,개인,,24시간,2007-08-23,,126.8869547,37.2870838,2016-05-31
공중화장실,골든게이트빌오피스텔,경기도 안산시 단원구 고잔1길 69 (고잔동),N,12,6,0,0,0,0,12,0,0,㈜세경종합,,24시간,2003-07-18,,126.8414158,37.3182398,2016-05-31
공중화장실,디자이너크럽,경기도 안산시 단원구 안산천서로 23  (고잔동),N,6,12,0,0,0,0,6,0,0,㈜영신산업,,24시간,2004-12-07,,126.8418671,37.3182188,2016-05-31
공중화장실,GS공단주유소,경기도 안산시 단원구 산단로 313 (신길동),N,1,1,2,2,0,0,1,1,0,㈜GS,,24시간,2001-07-00,,126.7865469,37.3228533,2016-05-31
공중화장실,중소기업진흥공단연수원,경기도 안산시 단원구 연수원로 87  (원곡동),N,65,77,0,0,0,0,36,1,0,연수원장,,24시간,1982-10-00,,126.7976136,37.319092,2016-05-31
공중화장실,거풍스카이팰리스,경기도 안산시 단원구 당곡로 11  (고잔동),N,8,8,0,0,0,0,12,0,0,㈜거풍건설,,24시간,2003-10-07,,126.8330176,37.3183075,2016-05-31
공중화장실,에머랄드빌딩,경기도 안산시 단원구 고잔2길 16  (고잔동),N,12,18,0,0,0,0,12,0,0,㈜신성,,24시간,2001-01-10,,126.8328837,37.3176334,2016-05-31
공중화장실,중앙오피스텔,경기도 안산시 단원구 고잔로 55 (고잔동),N,4,4,0,0,0,0,4,0,0,㈜중앙건설,,24시간,1990-09-24,,126.8323471,37.3195031,2016-05-31
공중화장실,진양빌딩,경기도 안산시 단원구 당곡로 9  (고잔동),N,4,4,0,0,0,0,4,0,0,㈜진양빌딩,,24시간,1985-05-06,,126.8329371,37.3179902,2016-05-31
공중화장실,한양빌딩,경기도 안산시 단원구 중앙대로 855 (고잔동),N,0,0,0,0,0,0,0,0,0,㈜한양건설,,24시간,1985-05-22,,126.8314853,37.3174223,2016-05-31
공중화장실,신길온천역,경기도 안산시 단원구 황고개로 2 (신길동),N,4,5,1,1,0,0,5,1,0,한국철도공사장(안산관리역장),,24시간,2000-07-25,,126.7671499,37.3375792,2016-05-31
공중화장실,만해주유소,경기도 안산시 단원구 만해로 92 (신길동),N,2,2,0,0,0,0,1,0,0,주유소장,,24시간,1995-05-00,,126.7497928,37.3285263,2016-05-31
공중화장실,서안산IC주유소,경기도 안산시 단원구 중앙대로 224 (신길동),N,2,2,0,0,0,0,2,0,0,주유소장,,24시간,2006-00-00,,126.7664331,37.3343918,2016-05-31
공중화장실,SK동양주유소,경기도 안산시 단원구 중앙대로 351 (신길동),N,0,0,0,0,0,0,0,0,0,SK네트웍스,,24시간,1996-00-00,,126.7798737,37.3331741,2016-05-31
공중화장실,석탑프라자,경기도 안산시 단원구 고잔1길 7  (고잔동),N,8,12,0,0,0,0,8,0,0,한왕규,,24시간,1997-05-22,,126.8342216,37.3187273,2016-05-31
공중화장실,신원프라자,경기도 안산시 단원구 화랑로 402  (고잔동),N,2,3,0,0,0,0,3,0,0,㈜신원,,24시간,1994-02-01,,126.832421,37.3207539,2016-05-31
공중화장실,세화오일센타주유소,경기도 안산시 단원구 중앙대로 417 (신길동),N,2,2,0,0,0,0,2,0,0,주유소장,,24시간,1997-00-00,,126.786259,37.330091,2016-05-31
공중화장실,(의)세창의료재단우성병원,경기도 안산시 단원구 고잔로 58-10 (고잔동),N,5,5,0,0,0,0,10,0,0,(의)세창의료재단,,24시간,1992-00-00,,126.8320155,37.3184467,2016-05-31
공중화장실,대림프라자,경기도 안산시 단원구 광덕1로 159  (고잔동),N,14,21,7,7,0,0,14,7,0,관리사무실,,24시간,2001-11-16,,126.8273323,37.3081681,2016-05-31
공중화장실,블루빌타운,경기도 안산시 단원구 화랑로 408  (고잔동),N,4,4,0,0,0,0,4,0,0,㈜대우건설,,24시간,2003-06-03,,126.8330798,37.3207981,2016-05-31
공중화장실,열린헬스클리닉,경기도 안산시 단원구 고잔1길 17  (고잔동),N,2,3,0,0,0,0,2,0,0,개인,,24시간,2004-00-00,,126.8356071,37.3186571,2016-05-31
공중화장실,종로프라자,경기도 안산시 단원구 광덕서로 54  (고잔동),N,14,28,0,0,0,0,21,0,0,관리사무실,,24시간,1991-00-00,,126.8273294,37.3094332,2016-05-31
공중화장실,영풍맘모스프라자,경기도 안산시 단원구 고잔로 76  (고잔동),N,14,21,0,0,0,0,28,0,0,㈜영풍건설,,24시간,2001-00-00,,126.8348757,37.3188399,2016-05-31
공중화장실,제3주구(골안말야구장),경기도 안산시 단원구 신원로 301-15 (목내동),N,1,1,0,0,0,0,2,0,0,안산도시공사장,,24시간,1998-00-00,,126.7695591,37.3113639,2016-05-31
공중화장실,중앙노블레스,경기도 안산시 단원구 예술대학로 17  (고잔동),N,36,45,1,1,0,0,36,1,0,㈜중앙건설,,24시간,2004-02-25,,126.8365186,37.3186908,2016-05-31
공중화장실,고잔법조빌딩,경기도 안산시 단원구 광덕서로 62  (고잔동),N,6,18,6,6,0,0,6,6,0,관리사무실,,24시간,2001-00-00,,126.8274178,37.3102154,2016-05-31
공중화장실,롯데프라자,경기도 안산시 단원구 중앙대로 899  (고잔동),N,10,15,0,0,0,0,10,0,0,㈜롯데건설,,24시간,1993-03-09,,126.8363998,37.3172923,2016-05-31
공중화장실,고잔1동주민센터,경기도 안산시 단원구 화정천동로 252 (고잔동),N,3,6,1,1,0,0,3,1,0,고잔1동장,,24시간,1991-06-17,,126.819202,37.3268362,2016-05-31
개방화장실,강희그랜드빌,경기도 안산시 단원구 광덕대로 145 (고잔동),N,9,12,0,0,0,0,9,0,0,강희그랜드빌번영회,,24시간,2001-12-29,,126.8289852,37.3095041,2016-05-31
공중화장실,반월동주민센터,경기도 안산시 상록구 건건로 51 (건건동),N,6,9,0,0,0,0,9,0,0,반월동장,,24시간,2001-10-23,,126.9021676,37.3060515,2016-05-31
공중화장실,안산세화병원,경기도 안산시 상록구 용신로 355 (본오동),N,11,13,0,0,0,0,15,0,0,병원장,,24시간,2000-07-27,,126.861554,37.3020464,2016-05-31
공중화장실,둔배미공원,경기도 안산시 단원구 화정천서로 157 (초지동),N,3,3,0,0,0,0,6,0,0,안산시장(시민공원과장),,24시간,2004-00-00,,126.820091,37.3117038,2016-05-31
공중화장실,반월농협 하나로마트,경기도 안산시 상록구 건건로 37 (건건동),N,6,9,0,0,0,0,6,0,0,금융기관,,24시간,1999-08-03,,126.9012578,37.3048218,2016-05-31
공중화장실,상림주유소,경기도 안산시 상록구 서해로 2921 (건건동),N,2,2,0,0,0,0,2,0,0,개인,,24시간,2006-08-20,,126.912728,37.3117075,2016-05-31
공중화장실,본오주유소,경기도 안산시 상록구 석호로 369 (본오동),N,2,1,0,0,0,0,2,0,0,개인,,24시간,1989-11-30,,126.8717153,37.29348,2016-05-31
공중화장실,본오2동주민센터,경기도 안산시 상록구 각골로 75 (본오동),N,4,3,0,0,0,0,5,0,0,본오2동장,,24시간,1992-12-31,,126.8722474,37.296299,2016-05-31
공중화장실,고잔공원,경기도 안산시 단원구 광덕2로 112 (고잔동),N,3,3,1,1,0,0,6,1,0,안산시장(시민공원과장),,24시간,2002-00-00,,126.8228072,37.309859,2016-05-31
공중화장실,본오종합복지관,경기도 안산시 상록구 이호로 39 (본오동),N,12,6,0,0,0,0,9,0,0,안산시장(복개방화장실책과장),,24시간,2001-06-15,,126.861283,37.2874637,2016-05-31
공중화장실,사리운동장,경기도 안산시 상록구 충장로 50 (본오동),N,1,1,0,0,0,0,1,0,0,안산도시공사장,,24시간,2000-01-01,,126.8570998,37.285927,2016-05-31
공중화장실,동해주유소,경기도 안산시 상록구 선진6길 38 (사동),N,1,2,0,0,0,0,1,0,0,개인,,24시간,2004-11-01,,126.8469825,37.2813479,2016-05-31
공중화장실,해안주유소,경기도 안산시 상록구 선진6길 8 (사동),N,1,1,0,0,0,0,1,0,0,개인,,24시간,1990-06-10,,126.8437031,37.2814914,2016-05-31
공중화장실,두성타워빌,경기도 안산시 단원구 광덕서로 100 (고잔동),N,3,4,1,1,0,0,3,1,0,신동영,,24시간,2001-11-22,,126.82769,37.313546,2016-05-31
공중화장실,삼영빌딩,경기도 안산시 단원구 광덕서로 68 (고잔동),N,12,12,0,0,0,0,12,0,0,전황제,,24시간,2004-06-16,,126.827457,37.3108354,2016-05-31
공중화장실,안산법조타운,경기도 안산시 단원구 광덕서로 86 (고잔동),N,39,42,1,1,0,0,40,1,0,전창길,,24시간,2002-04-15,,126.8277109,37.3123098,2016-05-31
공중화장실,한남법조타운,경기도 안산시 단원구 광덕서로 82 (고잔동),N,18,24,0,0,0,0,19,0,0,윤성일,,24시간,2002-00-00,,126.8278064,37.3119748,2016-05-31
공중화장실,BYC빌딩,경기도 안산시 단원구 광덕대로 181 (고잔동),N,16,24,0,0,0,0,24,0,0,고한수,,24시간,2005-08-00,,126.8292936,37.3128023,2016-05-31
공중화장실,성호공원(1구역),경기도 안산시 상록구 성호로 285 (부곡동),N,3,2,0,0,0,0,3,0,0,안산시장(시민공원과장),,24시간,2006-12-01,,126.8586753,37.3286488,2016-05-31
공중화장실,성호공원(1구역),경기도 안산시 상록구 성호로 285 (부곡동),N,4,5,0,0,0,0,7,0,0,안산시장(시민공원과장),,24시간,2007-11-01,,126.8586753,37.3286488,2016-05-31
공중화장실,성호공원(2구역),경기도 안산시 상록구 성호로 285 (부곡동),N,1,1,0,0,0,0,2,0,0,안산시장(시민공원과장),,24시간,2007-11-01,,126.8586753,37.3286488,2016-05-31
공중화장실,고잔역,경기도 안산시 단원구 중앙대로 784 (고잔동),N,4,7,1,1,0,0,4,1,0,한국철도공사장(안산관리역장),,24시간,1992-03-02,,126.8220326,37.3169111,2016-05-31
공중화장실,중앙도서관,경기도 안산시 단원구 안산천남로 14 (고잔동),N,20,19,5,5,0,0,20,5,0,중앙도서관장,,24시간,2006-02-01,,126.8213625,37.3045047,2016-05-31
공중화장실,대유빌딩,경기도 안산시 단원구 고잔1길 17 (고잔동),N,16,24,0,0,0,0,16,0,0,관리소장,,24시간,1992-06-16,,126.8356071,37.3186571,2016-05-31
공중화장실,대우프라자,경기도 안산시 단원구 광덕동로 39 (고잔동),N,19,18,0,0,0,0,18,0,0,관리소장,,24시간,2001-09-20,,126.8320795,37.3079227,2016-05-31
공중화장실,골든에이스프라자,경기도 안산시 단원구 광덕대로 138 (고잔동),N,14,14,0,0,0,0,14,0,0,관리소장,,24시간,2002-07-23,,126.8306113,37.3087027,2016-05-31
공중화장실,신용보증기금,경기도 안산시 단원구 광덕대로 243 (고잔동),N,4,6,0,0,0,0,4,0,0,안산지점장,,24시간,1992-07-14,,126.8298494,37.3184688,2016-05-31
공중화장실,교보생명,경기도 안산시 단원구 화랑로 366 (고잔동),N,26,26,0,0,0,0,28,0,0,관리소장,,24시간,1993-10-15,,126.8284581,37.3210329,2016-05-31
공중화장실,기업은행안산중앙지점,경기도 안산시 단원구 적금로 126 (고잔동),N,9,14,0,0,0,0,14,0,0,관리소장,,24시간,1998-09-17,,126.8264222,37.3193468,2016-05-31
공중화장실,신한은행(구국민은행),경기도 안산시 단원구 광덕대로 267  (고잔동),N,8,9,1,1,0,0,11,1,0,관리소장,,24시간,1992-08-04,,126.8300073,37.3204909,2016-05-31
공중화장실,중앙빌딩,경기도 안산시 단원구 원고잔로 17 (고잔동),N,6,6,0,0,0,0,5,0,0,관리소장,,24시간,1984-01-10,,126.8274967,37.3191322,2016-05-31
공중화장실,투원브레스빌,경기도 안산시 단원구 광덕대로 263 (고잔동),N,6,10,1,1,0,0,7,1,0,관리소장,,24시간,2003-07-16,,126.8298818,37.3200835,2016-05-31
공중화장실,우남센스빌,경기도 안산시 상록구 상록수로 16 (본오동),N,4,6,0,0,0,0,4,0,0,㈜선진ENG,,24시간,2003-01-16,,126.8615804,37.3023817,2016-05-31
공중화장실,대우마이홈,경기도 안산시 상록구 충장로 232 (본오동),N,1,3,0,0,0,0,2,0,0,㈜현대하우징,,24시간,2004-12-04,,126.8602543,37.3021963,2016-05-31
공중화장실,반월농업협동조합 안산지점,경기도 안산시 상록구 용신로 347 (본오동),N,6,9,0,0,0,0,6,0,0,반월농협,,24시간,1994-01-20,,126.860683,37.3021644,2016-05-31
공중화장실,늘봄스위트빌,경기도 안산시 단원구 고잔로 18 (고잔동),N,1,2,0,0,0,0,1,0,0,관리소장,,24시간,2003-12-20,,126.8282862,37.3192522,2016-05-31
공중화장실,대우마이빌,경기도 안산시 단원구 고잔로 23-12 (고잔동),N,2,5,0,0,0,0,3,0,0,관리소장,,24시간,2003-12-12,,126.8293123,37.3205008,2016-05-31
공중화장실,대한생명,경기도 안산시 단원구 화랑로 396 (고잔동),N,21,28,0,0,0,0,27,0,0,지점장,,24시간,1999-10-19,,126.8316176,37.3208212,2016-05-31
공중화장실,벨라지움오피스텔,경기도 안산시 단원구 화랑로 398 (고잔동),N,1,3,1,1,0,0,2,1,0,관리소장,,24시간,2003-10-31,,126.8320645,37.320757,2016-05-31
개방화장실,아이즈빌2오피스텔,경기도 안산시 단원구 고잔로 57-9 (고잔동),N,6,6,0,0,0,0,6,0,0,관리소장,,24시간,2004-01-05,,126.8321294,37.3199678,2016-05-31
공중화장실,본오3동주민센터,경기도 안산시 상록구 용신로 376 (본오동),N,6,6,2,2,0,0,6,1,0,본오3동장,,24시간,1998-05-26,,126.8638334,37.301458,2016-05-31
공중화장실,으뜸재활의학병원,경기도 안산시 상록구 용신로 352 (본오동),N,7,6,0,0,0,0,8,0,0,대선의료재단,,24시간,2000-10-20,,126.8611534,37.3015342,2016-05-31
공중화장실,자연주유소,경기도 안산시 상록구 해안로 1172 (본오동),N,2,2,0,0,0,0,2,0,0,개인,,24시간,1998-12-20,,126.8722786,37.2885033,2016-05-31
공중화장실,두손병원,경기도 안산시 단원구 선부광장1로 114 (선부동),N,12,12,0,0,0,0,12,0,0,병원장,,24시간,2001-01-17,,126.812372,37.3328733,2016-05-31
공중화장실,한도병원,경기도 안산시 단원구 선부광장로 103 (선부동),N,17,31,1,1,0,0,35,1,0,병원장,,24시간,2001-10-17,,126.8076208,37.334055,2016-05-31
공중화장실,부곡동주민센터,경기도 안산시 상록구 성호로 326 (부곡동),N,6,9,3,3,0,0,9,3,0,부곡동장,,24시간,2007-10-25,,126.8610076,37.3316718,2016-05-31
공중화장실,성호공원운동장(2구역),경기도 안산시 상록구 성호로 285 (부곡동),N,2,2,0,0,0,0,4,0,0,안산도시공사장,,24시간,2007-01-01,,126.8586753,37.3286488,2016-05-31
공중화장실,시낭운동장,경기도 안산시 상록구 시낭로 45 (부곡동),N,6,16,2,2,0,0,12,2,0,안산도시공사장,,24시간,1989-01-01,,126.8553927,37.3341086,2016-05-31
공중화장실,차량등록사업소,경기도 안산시 단원구 선부광장1로 6 (선부동),N,6,8,0,0,0,0,6,0,0,안산시차량등록사업소장,,24시간,1999-05-12,,126.8071268,37.3348507,2016-05-31
공중화장실,부곡종합사회복지관,경기도 안산시 상록구 성호로 285 (부곡동),N,15,7,3,3,0,0,15,3,0,안산시장(복개방화장실책과장),,24시간,2005-08-18,,126.8586753,37.3286488,2016-05-31
공중화장실,은혜주유소,경기도 안산시 상록구 수인로 1820 (부곡동),N,2,2,0,0,0,0,2,0,0,개인,,24시간,1999-02-10,,126.8696801,37.3461414,2016-05-31
공중화장실,선부1동주민센터,경기도 안산시 단원구 선부광장서로 47 (선부동),N,1,3,1,1,0,0,2,1,0,선부1동장,,24시간,1987-02-12,,126.804411,37.3343093,2016-05-31
공중화장실,선부2동주민센터,경기도 안산시 단원구 지곡로 46 (선부동),N,5,5,1,1,0,0,5,1,0,선부2동장,,24시간,1993-12-28,,126.8029199,37.3383614,2016-05-31
공중화장실,근로자시민문화센터,경기도 안산시 단원구 선부광장로 47 (선부동),N,16,15,0,0,2,0,15,0,2,한국노총안산지부,,24시간,2004-11-22,,126.8122141,37.3346859,2016-05-31
공중화장실,온누리병원,경기도 안산시 단원구 선부로 201 (선부동),N,17,32,7,7,0,0,25,7,0,병원장,,24시간,1999-06-00,,126.8175136,37.3419349,2016-05-31
공중화장실,성호공원2구역(부곡동급수시설앞),경기도 안산시 상록구 성호로 285 (부곡동),N,2,4,0,0,0,0,3,0,0,안산시장(시민공원과장),,24시간,1997-00-00,,126.8586753,37.3286488,2016-05-31
공중화장실,대웅주유소,경기도 안산시 상록구 수인로 1733 (부곡동),N,1,2,0,0,0,0,1,0,0,개인,,24시간,1998-05-29,,126.8637233,37.3399752,2016-05-31
공중화장실,부곡주유소,경기도 안산시 상록구 부곡로 120 (부곡동),N,1,2,0,0,0,0,2,0,0,개인,,24시간,1997-07-23,,126.8635605,37.3326515,2016-05-31
공중화장실,GS안산세광주유소,경기도 안산시 상록구 성호로 268 (부곡동),N,0,0,0,0,0,0,0,0,0,개인,,24시간,1998-12-19,,126.8584616,37.3271131,2016-05-31
공중화장실,사1동주민센터,경기도 안산시 상록구 석호로 171 (사동),N,3,6,0,0,0,0,6,0,0,사1동장,,24시간,1993-12-28,,126.8510469,37.2971032,2016-05-31
공중화장실,군자사회복지관,경기도 안산시 단원구 화정로 9 (선부동),N,4,5,0,0,0,0,4,0,0,안산시장(복개방화장실책과장),,24시간,1993-02-23,,126.8140272,37.3333913,2016-05-31
공중화장실,단원구노인복지회관,경기도 안산시 단원구 선부광장1로 134 (선부동),N,5,20,5,5,0,0,15,0,0,안산시장(사회복지과장),,24시간,2004-12-10,,126.8105727,37.3322685,2016-05-31
공중화장실,선부3동주민센터,경기도 안산시 단원구 선삼로 47 (선부동),N,5,5,1,1,0,0,5,1,0,선부3동장,,24시간,1992-12-22,,126.8125449,37.3450483,2016-05-31
공중화장실,상록타운,경기도 안산시 단원구 선부광장1로 38 (선부동),N,9,13,3,3,0,0,10,3,0,관리소장,,24시간,2004-01-13,,126.8093926,37.3366384,2016-05-31
개방화장실,굿모닝오피스텔,경기도 안산시 상록구 석호로 43 (이동),N,28,7,0,0,0,0,28,0,0,강희자산관리㈜,,24시간,2002-00-00,,126.8479264,37.3076269,2016-05-31
개방화장실,데코스포텔,경기도 안산시 상록구 광덕1로 355 (이동),N,6,6,1,1,0,0,6,1,0,강희자산관리㈜,,24시간,2004-04-00,,126.8490732,37.3072752,2016-05-31
공중화장실,농협안산시지부,경기도 안산시 단원구 광덕대로 258 (고잔동),N,9,12,0,0,0,0,9,0,0,농협안산시지부,,24시간,1984-01-05,,126.8315121,37.3195596,2016-05-31
공중화장실,보은타운,경기도 안산시 상록구 양지편로 38 (이동),N,14,21,0,0,0,0,14,0,0,개인,,24시간,2001-08-31,,126.8514963,37.3094912,2016-05-31
공중화장실,엔타운프라자,경기도 안산시 상록구 광덕1로 385 (이동),N,8,8,4,4,0,0,8,8,0,신성종합관리㈜,,24시간,2001-10-23,,126.851822,37.3090519,2016-05-31
공중화장실,늘봄스위트빌2차,경기도 안산시 단원구 선부광장로 77 (선부동),N,2,4,1,1,0,0,3,1,0,관리사무실,,24시간,2003-12-00,,126.8104544,37.332636,2016-05-31
공중화장실,서울프라자,경기도 안산시 단원구 삼일로 310 (선부동),N,57,72,0,0,0,0,57,0,0,관리사무실,,24시간,1994-12-00,,126.8120989,37.333828,2016-05-31
개방화장실,일성빌딩,경기도 안산시 단원구 선부광장1로 56 (선부동),N,22,21,0,0,0,0,21,0,0,상가번영회,,24시간,1996-07-31,,126.8107243,37.3365937,2016-05-31
개방화장실,한미오피스텔,경기도 안산시 상록구 중보로 51 (이동),N,4,4,1,1,0,0,4,1,0,한미오피스텔,,24시간,2002-00-00,,126.852402,37.3078128,2016-05-31
공중화장실,한빛프라자,경기도 안산시 상록구 광덕1로 380 (이동),N,12,18,0,0,0,0,12,0,0,한빛프라자,,24시간,2000-00-00,,126.8517652,37.3080967,2016-05-31
공중화장실,군자농업협동조합,경기도 안산시 단원구 선부광장1로 88 (선부동),N,7,9,0,0,0,0,7,0,0,농협조합장,,24시간,1992-04-04,,126.8127914,37.3348562,2016-05-31
공중화장실,군자빌딩,경기도 안산시 단원구 선부광장1로 70 (선부동),N,16,17,0,0,0,0,17,0,0,상가번영회,,24시간,1991-00-00,,126.8119401,37.3359433,2016-05-31
공중화장실,훼미리프라자,경기도 안산시 단원구 선부광장1로 72 (선부동),N,15,15,0,0,0,0,15,0,0,㈜진일,,24시간,1993-06-00,,126.8122701,37.3357528,2016-05-31
개방화장실,GS안산스타주유소,경기도 안산시 단원구 달미로 72 (선부동),N,2,2,0,0,0,0,2,0,0,주유소,,24시간,1997-04-26,,126.8155311,37.3422922,2016-05-31
공중화장실,SK제이주유소,경기도 안산시 단원구 선부광장로 33 (선부동),N,1,2,0,0,0,0,2,0,0,주유소,,24시간,1990-01-19,,126.8109246,37.3359309,2016-05-31
공중화장실,와동유통상가,경기도 안산시 단원구 선부로 270 (와동),N,40,40,0,0,0,0,38,0,0,상가번영회,,24시간,1991-11-01,,126.8247426,37.341088,2016-05-31
공중화장실,본오1동주민센터,경기도 안산시 상록구 오목로7길 15 (본오동),N,2,4,0,0,0,0,4,0,0,본오1동장,,24시간,1995-05-18,,126.864505,37.2892659,2016-05-31
공중화장실,와동공원1,경기도 안산시 단원구 와동공원로 109 (와동),N,3,3,1,1,0,0,6,1,0,안산시장(시민공원과장),,24시간,1997-00-00,,126.8203034,37.3400182,2016-05-31
공중화장실,와동공원2,경기도 안산시 단원구 와동공원로 109 (와동),N,1,1,0,0,0,0,1,0,0,안산시장(시민공원과장),,24시간,1998-00-00,,126.8203034,37.3400182,2016-05-31
공중화장실,와동주민센터,경기도 안산시 단원구 선부로 273 (와동),N,6,6,2,2,0,0,6,3,0,와동장,,24시간,2007-06-27,,126.8255581,37.3417704,2016-05-31
공중화장실,와동체육관,경기도 안산시 단원구 화정천동로 396 (와동),N,4,8,0,0,0,0,11,0,0,안산도시공사장,,24시간,2004-08-06,,126.8189446,37.3400269,2016-05-31
공중화장실,한양프라자,경기도 안산시 상록구 반석로 8 (본오동),N,25,25,0,0,0,0,25,0,0,개인,,24시간,1991-07-11,,126.8610466,37.2957999,2016-05-31
공중화장실,반월공원,경기도 안산시 상록구 오목로 104 (본오동),N,3,4,1,1,0,0,3,1,0,안산시장(시민공원과장),,24시간,2001-00-00,,126.8695517,37.2898699,2016-05-31
공중화장실,안산시 배드민턴전용경기장(오른쪽 여자),경기도 안산시 단원구 순환로 416 (와동),N,4,8,2,2,0,0,5,2,0,안산도시공사장,,24시간,2005-11-01,,126.8348169,37.3436074,2016-05-31
공중화장실,(주)칠오와동주유소,경기도 안산시 단원구 순환로 375 (와동),N,2,2,0,0,0,0,2,0,0,김형국,,24시간,1996-08-07,,126.8316821,37.3445004,2016-05-31
공중화장실,구룡운동장,경기도 안산시 상록구 구룡체육관로 21 (이동),N,1,2,0,0,0,0,3,0,0,안산도시공사장,,24시간,2009-00-00,,126.8605049,37.3082227,2016-05-31
공중화장실,농수산물도매시장,경기도 안산시 상록구 충장로 312 (이동),N,43,56,0,0,0,0,39,0,0,안산시농수산물도매시장관리사무소장,,24시간,1997-11-01,,126.8567545,37.3086615,2016-05-31
공중화장실,현대오일뱅크 역전주유소,경기도 안산시 상록구 충장로6길 1 (이동),N,3,1,0,0,0,0,1,0,0,개인,,24시간,1999-10-18,,126.8568514,37.3075408,2016-05-31
공중화장실,이동주민센터,경기도 안산시 상록구 이동로 46 (이동),N,8,10,4,4,0,0,14,4,0,이동장,,24시간,2007-04-10,,126.8608394,37.3054479,2016-05-31
공중화장실,성포공원,경기도 안산시 상록구 성포로 6 (성포동),N,3,2,0,0,0,0,3,0,0,안산시장(시민공원과장),,24시간,1992-00-00,,126.8422325,37.3226199,2016-05-31
공중화장실,사랑의병원,경기도 안산시 상록구 예술광장로 69 (성포동),N,31,4,0,0,0,0,8,0,0,칠석의료재단,,24시간,1998-10-01,,126.8447913,37.3270131,2016-05-31
공중화장실,안산농협 하나로마트,경기도 안산시 상록구 예술광장로 75 (성포동),N,8,12,0,0,0,0,8,0,0,농협,,24시간,1992-06-04,,126.8443704,37.3275892,2016-05-31
공중화장실,SK중앙주유소,경기도 안산시 단원구 화정로 96 (와동),N,1,2,0,0,0,0,2,0,0,중앙주유소,,24시간,1987-12-19,,126.822582,37.3327197,2016-05-31
공중화장실,네스트빌,경기도 안산시 상록구 광덕1로 356 (이동),N,6,6,0,0,0,0,4,0,0,개인,,24시간,2003-10-20,,126.8495886,37.3067605,2016-05-31
공중화장실,브라이튼오피스텔,경기도 안산시 상록구 광덕1로 354 (이동),N,2,2,0,0,0,0,2,0,0,관리소장,,24시간,2004-11-20,,126.849273,37.3066375,2016-05-31
공중화장실,다복주유소,경기도 안산시 단원구 시흥대로 128 (선부동),N,2,2,0,0,0,0,2,0,0,김영종,,24시간,1995-05-00,,126.8022951,37.3528381,2016-05-31
공중화장실,대상주유소,경기도 안산시 단원구 순환로 157 (선부동),N,2,2,0,0,0,0,2,0,0,박진승,,24시간,1993-00-00,,126.8087181,37.3498609,2016-05-31
개방화장실,서안산주유소,경기도 안산시 단원구 시흥대로 65 (선부동),N,2,2,0,0,0,0,2,0,0,임옥경,,24시간,1994-00-00,,126.7964888,37.3496278,2016-05-31
공중화장실,서해주유소,경기도 안산시 단원구 시흥대로 10 (선부동),N,2,2,0,0,0,0,2,0,0,김영기,,24시간,2001-09-21,,126.7954688,37.3445406,2016-05-31
공중화장실,한대역주유소,경기도 안산시 상록구 광덕4로 357 (이동),N,1,2,1,1,0,0,1,1,0,㈜대한석유,,24시간,2001-11-00,,126.8506485,37.3115265,2016-05-31
공중화장실,선부주유소,경기도 안산시 단원구 선부로 81 (선부동),N,1,1,0,0,0,0,1,0,0,㈜대지석유,,24시간,1993-02-11,,126.8040587,37.3413475,2016-05-31
공중화장실,한양주유소,경기도 안산시 단원구 화정천서로 507 (선부동),N,1,1,0,0,0,0,0,0,0,㈜SK,,24시간,1992-11-00,,126.8176076,37.342263,2016-05-31
공중화장실,구룡체육관,경기도 안산시 상록구 구룡체육관로 21 (이동),N,2,2,1,1,0,0,2,1,0,안산도시공사장,,24시간,1993-09-01,,126.8605049,37.3082227,2016-05-31
공중화장실,일동도서관,경기도 안산시 상록구 구룡로 71 (일동),N,2,2,1,1,0,0,4,1,0,감골도서관장,,24시간,1986-10-23,,126.8715832,37.3154507,2016-05-31
공중화장실,일동청소년문화의집,경기도 안산시 상록구 충장로6길 22-3 (이동),N,3,3,0,0,0,0,3,0,0,안산시장(평생교육과장),,24시간,2006-02-27,,126.8589523,37.3084191,2016-05-31
공중화장실,안산중앙병원,경기도 안산시 상록구 구룡로 87 (일동),N,91,52,1,1,0,0,91,1,0,병원장,,24시간,1985-00-00,,126.8745761,37.3175335,2016-05-31
공중화장실,메디프라자,경기도 안산시 단원구 광덕1로 63 (초지동),N,10,15,0,0,0,0,10,0,0,상가번영회,,24시간,2001-11-07,,126.8167229,37.3087757,2016-05-31
공중화장실,GS스타주유소,경기도 안산시 단원구 동산로 179 (초지동),N,0,0,2,2,0,0,0,1,0,GS칼텍스,,24시간,2001-00-00,,126.8049077,37.318488,2016-05-31
공중화장실,성호공원(2구역)이동기념관옆,경기도 안산시 상록구 안산대학로 114 (일동),N,2,4,0,0,0,0,3,0,0,안산시장(시민공원과장),,24시간,1999-00-00,,126.8703562,37.3099891,2016-05-31
공중화장실,성호공원(2구역)이동식물원,경기도 안산시 상록구 안산대학로 114 (일동),N,2,3,1,1,1,0,2,1,0,안산시장(시민공원과장),,24시간,2000-00-00,,126.8703562,37.3099891,2016-05-31
공중화장실,성호공원(2구역)이동식물원옆,경기도 안산시 상록구 안산대학로 114 (일동),N,3,7,0,0,0,0,8,0,0,안산시장(시민공원과장),,24시간,1999-00-00,,126.8703562,37.3099891,2016-05-31
공중화장실,GS세방주유소,경기도 안산시 상록구 성호로 40 (일동),N,1,1,0,0,0,0,2,0,0,개인,,24시간,1993-06-30,,126.8674686,37.3098706,2016-05-31
공중화장실,굴다리서편,경기도 안산시 상록구 양지편2길 6-20 (이동),N,1,1,0,0,0,0,1,0,0,상록구청장(도시주택과장),,24시간,2007-00-00,,126.8508365,37.3100238,2016-05-31
공중화장실,안골운동장,경기도 안산시 상록구 광덕1로 350 (이동),N,1,1,0,0,0,0,2,0,0,안산도시공사장,,24시간,2006-01-01,,126.8488672,37.3064928,2016-05-31
개방화장실,SK반월주유소,경기도 안산시 상록구 송호1길 33 (이동),N,1,2,0,0,0,0,2,0,0,개인,,24시간,1981-00-00,,126.8452443,37.3130153,2016-05-31
개방화장실,상록구노인복지회관,경기도 안산시 상록구 고잔로 162 (성포동),N,6,8,1,1,0,0,6,1,0,안산시장(사회복지과장),,24시간,1992-02-06,,126.8443125,37.3184743,2016-05-31
공중화장실,성어공원,경기도 안산시 상록구 고잔로 162 (성포동),N,1,0,0,0,0,0,1,0,0,안산시장(시민공원과장),,24시간,1996-00-00,,126.8443125,37.3184743,2016-05-31
공중화장실,성포동주민센터,경기도 안산시 상록구 충장로 468 (성포동),N,3,3,2,2,0,0,3,1,0,성포동장,,24시간,1992-00-00,,126.849448,37.3206975,2016-05-31
공중화장실,안산터미널주유소(씨엔에스),경기도 안산시 상록구 충장로 427 (성포동),N,2,2,0,0,0,0,2,0,0,씨엔에스에너지주유소,,24시간,2005-00-00,,126.8486976,37.3168041,2016-05-31
개방화장실,안산터미널,경기도 안산시 상록구 충장로 427 (성포동),N,13,16,3,3,0,0,18,2,0,㈜화성,,24시간,1995-03-00,,126.8486976,37.3168041,2016-05-31
공중화장실,홈플러스 안산점,경기도 안산시 상록구 충장로 432 (성포동),N,32,45,0,0,0,0,32,0,0,㈜삼성테스코,,24시간,2000-08-00,,126.8501002,37.3172095,2016-05-31
공중화장실,초지동주민센터(구),경기도 안산시 단원구 동산로 253 (초지동),N,1,1,2,2,0,0,1,1,0,안산시장(회계과장),,24시간,1987-02-12,,126.8085607,37.3247507,2016-05-31
공중화장실,단원종합병원,경기도 안산시 단원구 원포공원1로 20 (초지동),N,5,6,4,4,0,0,8,4,0,병원장,,24시간,2007-11-29,,126.8132427,37.3002357,2016-05-31
공중화장실,동의성단원병원,경기도 안산시 단원구 원포공원1로 20 (초지동),N,12,12,0,0,0,0,14,0,0,병원장,,24시간,2007-11-29,,126.8132427,37.3002357,2016-05-31
공중화장실,서해프라자,경기도 안산시 단원구 원포공원1로 30 (초지동),N,28,40,4,4,0,0,28,4,0,상가번영회,,24시간,2002-06-00,,126.8133171,37.301162,2016-05-31
공중화장실,신명트윈타워,경기도 안산시 단원구 원포공원1로 59 (초지동),N,20,25,5,5,0,0,20,5,0,관리사무실,,24시간,2003-11-26,,126.8112023,37.3024922,2016-05-31
공중화장실,감골도서관,경기도 안산시 상록구 감골공원안길 16-1 (사동),N,9,0,0,0,9,0,6,0,0,감골도서관장,,24시간,1997-07-31,,126.8545112,37.2926564,2016-05-31
공중화장실,사2동주민센터,경기도 안산시 상록구 감골1로 52 (사동),N,4,4,2,2,0,0,6,2,0,사2동장,,24시간,1997-11-01,,126.8518778,37.2898095,2016-05-31
공중화장실,시민시장(우),경기도 안산시 단원구 화랑로 149 (초지동),N,3,5,0,0,0,0,5,0,0,안산도시공사장,,24시간,1997-00-00,,126.8050885,37.3253722,2016-05-31
공중화장실,시민시장(좌),경기도 안산시 단원구 화랑로 149 (초지동),N,3,5,0,0,0,0,5,0,0,안산도시공사장,,24시간,1997-00-00,,126.8050885,37.3253722,2016-05-31
공중화장실,시민시장(중앙),경기도 안산시 단원구 화랑로 149 (초지동),N,2,5,1,1,0,0,3,1,0,안산도시공사장,,24시간,1997-00-00,,126.8050885,37.3253722,2016-05-31
공중화장실,장애인종합복지관,경기도 안산시 단원구 원초로 80 (초지동),N,4,0,4,4,0,0,4,4,0,안산시장(사회복지과장),,24시간,1998-12-01,,126.8065944,37.3259441,2016-05-31
개방화장실,초지종합사회복지관,경기도 안산시 단원구 원초로 76 (초지동),N,10,14,4,4,0,0,10,4,0,안산시장(복개방화장실책과장),,24시간,1999-04-19,,126.8059619,37.3262278,2016-05-31
공중화장실,새소망노인병원,경기도 안산시 상록구 선진안길 17 (사동),N,6,6,3,3,0,0,6,3,0,개인,,24시간,2001-11-08,,126.8441049,37.2812937,2016-05-31
공중화장실,감골시민홀,경기도 안산시 상록구 석호로 226 (사동),N,12,20,0,0,0,0,24,0,0,안산도시공사장,,24시간,2001-07-01,,126.855367,37.2933675,2016-05-31
공중화장실,감골운동장,경기도 안산시 상록구 석호로 226 (사동),N,2,0,0,0,3,0,2,0,0,안산도시공사장,,24시간,2006-01-01,,126.855367,37.2933675,2016-05-31
공중화장실,올림픽기념관,경기도 안산시 단원구 적금로 202 (고잔동),N,24,35,3,3,0,0,32,3,0,안산도시공사장,,24시간,1992-01-23,,126.8281889,37.3262874,2016-05-31
공중화장실,올림픽수영장,경기도 안산시 단원구 적금로 202 (고잔동),N,6,7,1,1,0,0,5,1,0,안산도시공사장,,24시간,1995-05-29,,126.8281889,37.3262874,2016-05-31
공중화장실,초지임시운동장,경기도 안산시 단원구 화랑로 260 (초지동),N,1,1,0,0,0,0,2,0,0,안산도시공사장,,24시간,2006-01-01,,126.8164939,37.319476,2016-05-31
공중화장실,화랑유원지관리실,경기도 안산시 단원구 동산로 268 (초지동),N,4,4,0,0,0,0,5,0,0,안산시장(시민공원과장),,24시간,1998-00-00,,126.813771,37.3256745,2016-05-31
공중화장실,화랑유원지A,경기도 안산시 단원구 동산로 268 (초지동),N,3,3,2,2,0,0,7,1,0,안산시장(시민공원과장),,24시간,1998-00-00,,126.813771,37.3256745,2016-05-31
공중화장실,화랑유원지B,경기도 안산시 단원구 동산로 268 (초지동),N,5,5,1,1,1,0,10,1,0,안산시장(시민공원과장),,24시간,1998-00-00,,126.813771,37.3256745,2016-05-31
공중화장실,화랑유원지C,경기도 안산시 단원구 동산로 268 (초지동),N,5,5,2,2,0,0,10,1,0,안산시장(시민공원과장),,24시간,1998-00-00,,126.813771,37.3256745,2016-05-31
공중화장실,화랑유원지D,경기도 안산시 단원구 동산로 268 (초지동),N,3,3,2,2,0,0,6,1,0,안산시장(시민공원과장),,24시간,1998-00-00,,126.813771,37.3256745,2016-05-31
공중화장실,화랑유원지E,경기도 안산시 단원구 동산로 268 (초지동),N,2,3,0,0,1,0,2,0,0,안산시장(시민공원과장),,24시간,1998-00-00,,126.813771,37.3256745,2016-05-31
공중화장실,화랑유원지F,경기도 안산시 단원구 동산로 268 (초지동),N,2,3,0,0,1,0,2,0,0,안산시장(시민공원과장),,24시간,1998-00-00,,126.813771,37.3256745,2016-05-31
개방화장실,신반월주유소,경기도 안산시 상록구 건건1길 7  (건건동),N,2,0,0,0,0,0,1,0,0,개인,,24시간,2000-00-00,,126.9030487,37.3015579,2016-05-31
공중화장실,월피동주민센터,경기도 안산시 상록구 시낭북로 4 (부곡동),N,3,6,0,0,0,0,6,0,0,월피동장,,24시간,1993-04-26,,126.8568333,37.3337031,2016-05-31
공중화장실,단원구청사,경기도 안산시 단원구 중앙대로 685 (초지동),N,9,12,0,0,0,0,10,0,0,단원구청장(행정지원과장),,24시간,2002-11-01,,126.8117548,37.3197749,2016-05-31
공중화장실,와스타디움,경기도 안산시 단원구 화랑로 260 (초지동),N,93,294,0,0,0,0,151,0,0,안산도시공사장,,24시간,2006-11-30,,126.8164939,37.319476,2016-05-31
공중화장실,상록수공원,경기도 안산시 상록구 샘골서길 64 (본오동),N,4,6,2,2,0,0,6,1,0,안산시장(시민공원과장),,24시간,2001-00-00,,126.8627404,37.2996439,2016-05-31
공중화장실,사동주유소,경기도 안산시 상록구 항가울로 22 (사동),N,3,1,0,0,0,0,2,0,0,개인,,24시간,1996-11-27,,126.8476766,37.2838176,2016-05-31
공중화장실,선광주유소,경기도 안산시 상록구 석호로 202 (사동),N,1,1,0,0,0,0,1,0,0,개인,,24시간,2002-11-05,,126.8532391,37.2949939,2016-05-31
공중화장실,소망주유소,경기도 안산시 상록구 석호로 200 (사동),N,1,2,0,0,0,0,1,0,0,개인,,24시간,1996-10-09,,126.8528916,37.2950584,2016-05-31
공중화장실,관산체육관,경기도 안산시 단원구 원선로 93 (원곡동),N,2,2,2,2,0,0,2,1,0,안산도시공사장,,24시간,1993-09-01,,126.8015734,37.3320195,2016-05-31
공중화장실,원곡2동주민센터,경기도 안산시 단원구 원선로 91 (원곡동),N,4,6,2,2,0,0,4,1,0,원곡2동장,,24시간,1991-06-15,,126.8018317,37.3316091,2016-05-31
공중화장실,안산시공공하수처리장,경기도 안산시 단원구 산성로 107 (초지동),N,4,6,0,0,0,0,4,0,0,안산시상하수도사업소장(하수과장),,24시간,2003-04-01,,126.7978027,37.3074834,2016-05-31
공중화장실,석호공원(관리소),경기도 안산시 상록구 석호공원로 1 (사동),N,3,3,1,1,0,0,6,1,0,안산시장(시민공원과장),,24시간,2003-00-00,,126.8439622,37.3023525,2016-05-31
공중화장실,동남레이크빌1,경기도 안산시 단원구 광덕3로 163  (고잔동),N,4,6,0,0,0,0,4,0,0,관리사무실,,24시간,2003-06-18,,126.827814,37.308337,2016-05-31
공중화장실,동남레이크빌2,경기도 안산시 단원구 광덕3로 165  (고잔동),N,4,6,0,0,0,0,4,0,0,관리사무실,,24시간,2003-00-00,,126.828257,37.308314,2016-05-31
공중화장실,단원어린이도서관,경기도 안산시 단원구 화정로 30 (초지동),N,5,5,6,6,0,0,6,3,0,중앙도서관장,,24시간,2007-07-01,,126.8160775,37.3311059,2016-05-31
공중화장실,상록구청사,경기도 안산시 상록구 항가울로 222 (사동),N,6,8,1,1,0,0,6,1,0,상록구청장(행정지원과장),,24시간,2002-09-00,,126.8442458,37.3004932,2016-05-31
공중화장실,상록수보건소,경기도 안산시 상록구 항가울로 222 (사동),N,6,6,0,0,0,0,10,0,0,상록수보건소장(보건행정과장),,24시간,2007-07-30,,126.8442458,37.3004932,2016-05-31
공중화장실,안산시립노인요양원,경기도 안산시 상록구 차돌배기로 24 (사동),N,3,3,0,0,0,0,3,0,0,안산시장,,24시간,2005-07-00,,126.8461378,37.2996739,2016-05-31
공중화장실,안산시립노인전문병원,경기도 안산시 상록구 차돌배기로 24 (사동),N,12,12,0,0,0,0,24,0,0,병원장,,24시간,2006-10-31,,126.8461378,37.2996739,2016-05-31
공중화장실,시립테니스장,경기도 안산시 단원구 적금로 9 (고잔동),N,2,3,0,0,0,0,3,0,0,안산도시공사장,,24시간,2002-01-01,,126.8245823,37.3090759,2016-05-31
공중화장실,여성비전센터,경기도 안산시 단원구 고잔로 28 (고잔동),N,4,8,0,0,0,0,15,0,0,안산시여성비전센터장,,24시간,1993-11-00,,126.8292069,37.3191959,2016-05-31
공중화장실,국민은행,경기도 안산시 단원구 고잔로 64  (고잔동),N,7,11,1,1,0,0,7,1,0,국민은행,,24시간,1992-08-04,,126.8330837,37.319014,2016-05-31
공중화장실,자유센타빌딩,경기도 안산시 단원구 화랑로 358  (고잔동),N,14,35,0,0,0,0,21,0,0,관리사무실,,24시간,1991-03-16,,126.8274925,37.3209991,2016-05-31
공중화장실,한국씨티은행,경기도 안산시 단원구 고잔로 59  (고잔동),N,15,15,0,0,0,0,10,0,0,관리사무실,,24시간,1993-02-04,,126.8331098,37.319461,2016-05-31
공중화장실,한국외환은행,경기도 안산시 단원구 당곡로 27  (고잔동),N,4,4,0,0,0,0,4,0,0,관리사무실,,24시간,1991-09-10,,126.8331545,37.3196737,2016-05-31
공중화장실,노적봉공원(수련관야외무대옆),경기도 안산시 상록구 삼일로 696 (성포동),N,3,5,2,2,0,0,5,1,0,안산시장(시민공원과장),,24시간,2003-12-00,,126.8532686,37.3262526,2016-05-31
공중화장실,노적봉공원(자연체험학습장),경기도 안산시 상록구 삼일로 696 (성포동),N,0,1,0,0,0,0,1,0,0,안산시장(시민공원과장),,24시간,2000-00-00,,126.8532686,37.3262526,2016-05-31
공중화장실,코스모프라자,경기도 안산시 단원구 고잔2길 45  (고잔동),N,10,15,1,1,0,0,10,1,0,㈜코스모,,24시간,2001-09-17,,126.8361006,37.317919,2016-05-31
